,KEY,FREQ,CURRENCY,CURRENCY_DENOM,EXR_TYPE,EXR_SUFFIX,TIME_PERIOD,OBS_VALUE,OBS_STATUS,OBS_CONF,OBS_PRE_BREAK,OBS_COM,TIME_FORMAT,BREAKS,COLLECTION,COMPILING_ORG,DISS_ORG,DOM_SER_IDS,PUBL_ECB,PUBL_MU,PUBL_PUBLIC,UNIT_INDEX_BASE,COMPILATION,COVERAGE,DECIMALS,NAT_TITLE,SOURCE_AGENCY,SOURCE_PUB,TITLE,TITLE_COMPL,UNIT,UNIT_MULT
0,EXR.D.USD.EUR.SP00.A,D,USD,EUR,SP00,A,2024-01-02,1.0956,A,F,,,P1D,,A,,,,,,,99Q1=100,,,4,,4F0,,US dollar/Euro,"ECB reference exchange rate, US dollar/Euro, 2.15 pm (C.E.T.)",USD,0
1,EXR.D.USD.EUR.SP00.A,D,USD,EUR,SP00,A,2024-01-03,1.0919,A,F,,,P1D,,A,,,,,,,99Q1=100,,,4,,4F0,,US dollar/Euro,"ECB reference exchange rate, US dollar/Euro, 2.15 pm (C.E.T.)",USD,0
2,EXR.D.USD.EUR.SP00.A,D,USD,EUR,SP00,A,2024-01-04,1.0953,A,F,,,P1D,,A,,,,,,,99Q1=100,,,4,,4F0,,US dollar/Euro,"ECB reference exchange rate, US dollar/Euro, 2.15 pm (C.E.T.)",USD,0
3,EXR.D.USD.EUR.SP00.A,D,USD,EUR,SP00,A,2024-01-05,1.0921,A,F,,,P1D,,A,,,,,,,99Q1=100,,,4,,4F0,,US dollar/Euro,"ECB reference exchange rate, US dollar/Euro, 2.15 pm (C.E.T.)",USD,0
4,EXR.D.USD.EUR.SP00.A,D,USD,EUR,SP00,A,2024-01-08,1.0946,A,F,,,P1D,,A,,,,,,,99Q1=100,,,4,,4F0,,US dollar/Euro,"ECB reference exchange rate, US dollar/Euro, 2.15 pm (C.E.T.)",USD,0
5,EXR.D.USD.EUR.SP00.A,D,USD,EUR,SP00,A,2024-01-09,1.094,A,F,,,P1D,,A,,,,,,,99Q1=100,,,4,,4F0,,US dollar/Euro,"ECB reference exchange rate, US dollar/Euro, 2.15 pm (C.E.T.)",USD,0
6,EXR.D.USD.EUR.SP00.A,D,USD,EUR,SP00,A,2024-01-10,1.0946,A,F,,,P1D,,A,,,,,,,99Q1=100,,,4,,4F0,,US dollar/Euro,"ECB reference exchange rate, US dollar/Euro, 2.15 pm (C.E.T.)",USD,0
7,EXR.D.USD.EUR.SP00.A,D,USD,EUR,SP00,A,2024-01-11,1.0987,A,F,,,P1D,,A,,,,,,,99Q1=100,,,4,,4F0,,US dollar/Euro,"ECB reference exchange rate, US dollar/Euro, 2.15 pm (C.E.T.)",USD,0
8,EXR.D.USD.EUR.SP00.A,D,USD,EUR,SP00,A,2024-01-12,1.0942,A,F,,,P1D,,A,,,,,,,99Q1=100,,,4,,4F0,,US dollar/Euro,"ECB reference exchange rate, US dollar/Euro, 2.15 pm (C.E.T.)",USD,0
9,EXR.D.USD.EUR.SP00.A,D,USD,EUR,SP00,A,2024-01-15,1.0945,A,F,,,P1D,,A,,,,,,,99Q1=100,,,4,,4F0,,US dollar/Euro,"ECB reference exchange rate, US dollar/Euro, 2.15 pm (C.E.T.)",USD,0
10,EXR.D.USD.EUR.SP00.A,D,USD,EUR,SP00,A,2024-01-16,1.0882,A,F,,,P1D,,A,,,,,,,99Q1=100,,,4,,4F0,,US dollar/Euro,"ECB reference exchange rate, US dollar/Euro, 2.15 pm (C.E.T.)",USD,0
11,EXR.D.USD.EUR.SP00.A,D,USD,EUR,SP00,A,2024-01-17,1.0877,A,F,,,P1D,,A,,,,,,,99Q1=100,,,4,,4F0,,US dollar/Euro,"ECB reference exchange rate, US dollar/Euro, 2.15 pm (C.E.T.)",USD,0
12,EXR.D.USD.EUR.SP00.A,D,USD,EUR,SP00,A,2024-01-18,1.0875,A,F,,,P1D,,A,,,,,,,99Q1=100,,,4,,4F0,,US dollar/Euro,"ECB reference exchange rate, US dollar/Euro, 2.15 pm (C.E.T.)",USD,0
13,EXR.D.USD.EUR.SP00.A,D,USD,EUR,SP00,A,2024-01-19,1.0887,A,F,,,P1D,,A,,,,,,,99Q1=100,,,4,,4F0,,US dollar/Euro,"ECB reference exchange rate, US dollar/Euro, 2.15 pm (C.E.T.)",USD,0
14,EXR.D.USD.EUR.SP00.A,D,USD,EUR,SP00,A,2024-01-22,1.089,A,F,,,P1D,,A,,,,,,,99Q1=100,,,4,,4F0,,US dollar/Euro,"ECB reference exchange rate, US dollar/Euro, 2.15 pm (C.E.T.)",USD,0
15,EXR.D.USD.EUR.SP00.A,D,USD,EUR,SP00,A,2024-01-23,1.0872,A,F,,,P1D,,A,,,,,,,99Q1=100,,,4,,4F0,,US dollar/Euro,"ECB reference exchange rate, US dollar/Euro, 2.15 pm (C.E.T.)",USD,0
16,EXR.D.USD.EUR.SP00.A,D,USD,EUR,SP00,A,2024-01-24,1.0905,A,F,,,P1D,,A,,,,,,,99Q1=100,,,4,,4F0,,US dollar/Euro,"ECB reference exchange rate, US dollar/Euro, 2.15 pm (C.E.T.)",USD,0
17,EXR.D.USD.EUR.SP00.A,D,USD,EUR,SP00,A,2024-01-25,1.0893,A,F,,,P1D,,A,,,,,,,99Q1=100,,,4,,4F0,,US dollar/Euro,"ECB reference exchange rate, US dollar/Euro, 2.15 pm (C.E.T.)",USD,0
18,EXR.D.USD.EUR.SP00.A,D,USD,EUR,SP00,A,2024-01-26,1.0871,A,F,,,P1D,,A,,,,,,,99Q1=100,,,4,,4F0,,US dollar/Euro,"ECB reference exchange rate, US dollar/Euro, 2.15 pm (C.E.T.)",USD,0
19,EXR.D.USD.EUR.SP00.A,D,USD,EUR,SP00,A,2024-01-29,1.0823,A,F,,,P1D,,A,,,,,,,99Q1=100,,,4,,4F0,,US dollar/Euro,"ECB reference exchange rate, US dollar/Euro, 2.15 pm (C.E.T.)",USD,0
20,EXR.D.USD.EUR.SP00.A,D,USD,EUR,SP00,A,2024-01-30,1.0846,A,F,,,P1D,,A,,,,,,,99Q1=100,,,4,,4F0,,US dollar/Euro,"ECB reference exchange rate, US dollar/Euro, 2.15 pm (C.E.T.)",USD,0
21,EXR.D.USD.EUR.SP00.A,D,USD,EUR,SP00,A,2024-01-31,1.0837,A,F,,,P1D,,A,,,,,,,99Q1=100,,,4,,4F0,,US dollar/Euro,"ECB reference exchange rate, US dollar/Euro, 2.15 pm (C.E.T.)",USD,0
22,EXR.D.USD.EUR.SP00.A,D,USD,EUR,SP00,A,2024-02-01,1.0814,A,F,,,P1D,,A,,,,,,,99Q1=100,,,4,,4F0,,US dollar/Euro,"ECB reference exchange rate, US dollar/Euro, 2.15 pm (C.E.T.)",USD,0
23,EXR.D.USD.EUR.SP00.A,D,USD,EUR,SP00,A,2024-02-02,1.0883,A,F,,,P1D,,A,,,,,,,99Q1=100,,,4,,4F0,,US dollar/Euro,"ECB reference exchange rate, US dollar/Euro, 2.15 pm (C.E.T.)",USD,0
24,EXR.D.USD.EUR.SP00.A,D,USD,EUR,SP00,A,2024-02-05,1.0746,A,F,,,P1D,,A,,,,,,,99Q1=100,,,4,,4F0,,US dollar/Euro,"ECB reference exchange rate, US dollar/Euro, 2.15 pm (C.E.T.)",USD,0
25,EXR.D.USD.EUR.SP00.A,D,USD,EUR,SP00,A,2024-02-06,1.0743,A,F,,,P1D,,A,,,,,,,99Q1=100,,,4,,4F0,,US dollar/Euro,"ECB reference exchange rate, US dollar/Euro, 2.15 pm (C.E.T.)",USD,0
26,EXR.D.USD.EUR.SP00.A,D,USD,EUR,SP00,A,2024-02-07,1.0776,A,F,,,P1D,,A,,,,,,,99Q1=100,,,4,,4F0,,US dollar/Euro,"ECB reference exchange rate, US dollar/Euro, 2.15 pm (C.E.T.)",USD,0
27,EXR.D.USD.EUR.SP00.A,D,USD,EUR,SP00,A,2024-02-08,1.0758,A,F,,,P1D,,A,,,,,,,99Q1=100,,,4,,4F0,,US dollar/Euro,"ECB reference exchange rate, US dollar/Euro, 2.15 pm (C.E.T.)",USD,0
28,EXR.D.USD.EUR.SP00.A,D,USD,EUR,SP00,A,2024-02-09,1.0772,A,F,,,P1D,,A,,,,,,,99Q1=100,,,4,,4F0,,US dollar/Euro,"ECB reference exchange rate, US dollar/Euro, 2.15 pm (C.E.T.)",USD,0
29,EXR.D.USD.EUR.SP00.A,D,USD,EUR,SP00,A,2024-02-12,1.0773,A,F,,,P1D,,A,,,,,,,99Q1=100,,,4,,4F0,,US dollar/Euro,"ECB reference exchange rate, US dollar/Euro, 2.15 pm (C.E.T.)",USD,0
30,EXR.D.USD.EUR.SP00.A,D,USD,EUR,SP00,A,2024-02-13,1.0793,A,F,,,P1D,,A,,,,,,,99Q1=100,,,4,,4F0,,US dollar/Euro,"ECB reference exchange rate, US dollar/Euro, 2.15 pm (C.E.T.)",USD,0
31,EXR.D.USD.EUR.SP00.A,D,USD,EUR,SP00,A,2024-02-14,1.0713,A,F,,,P1D,,A,,,,,,,99Q1=100,,,4,,4F0,,US dollar/Euro,"ECB reference exchange rate, US dollar/Euro, 2.15 pm (C.E.T.)",USD,0
32,EXR.D.USD.EUR.SP00.A,D,USD,EUR,SP00,A,2024-02-15,1.0743,A,F,,,P1D,,A,,,,,,,99Q1=100,,,4,,4F0,,US dollar/Euro,"ECB reference exchange rate, US dollar/Euro, 2.15 pm (C.E.T.)",USD,0
33,EXR.D.USD.EUR.SP00.A,D,USD,EUR,SP00,A,2024-02-16,1.0768,A,F,,,P1D,,A,,,,,,,99Q1=100,,,4,,4F0,,US dollar/Euro,"ECB reference exchange rate, US dollar/Euro, 2.15 pm (C.E.T.)",USD,0
34,EXR.D.USD.EUR.SP00.A,D,USD,EUR,SP00,A,2024-02-19,1.0776,A,F,,,P1D,,A,,,,,,,99Q1=100,,,4,,4F0,,US dollar/Euro,"ECB reference exchange rate, US dollar/Euro, 2.15 pm (C.E.T.)",USD,0
35,EXR.D.USD.EUR.SP00.A,D,USD,EUR,SP00,A,2024-02-20,1.0802,A,F,,,P1D,,A,,,,,,,99Q1=100,,,4,,4F0,,US dollar/Euro,"ECB reference exchange rate, US dollar/Euro, 2.15 pm (C.E.T.)",USD,0
36,EXR.D.USD.EUR.SP00.A,D,USD,EUR,SP00,A,2024-02-21,1.0809,A,F,,,P1D,,A,,,,,,,99Q1=100,,,4,,4F0,,US dollar/Euro,"ECB reference exchange rate, US dollar/Euro, 2.15 pm (C.E.T.)",USD,0
37,EXR.D.USD.EUR.SP00.A,D,USD,EUR,SP00,A,2024-02-22,1.0844,A,F,,,P1D,,A,,,,,,,99Q1=100,,,4,,4F0,,US dollar/Euro,"ECB reference exchange rate, US dollar/Euro, 2.15 pm (C.E.T.)",USD,0
38,EXR.D.USD.EUR.SP00.A,D,USD,EUR,SP00,A,2024-02-23,1.0834,A,F,,,P1D,,A,,,,,,,99Q1=100,,,4,,4F0,,US dollar/Euro,"ECB reference exchange rate, US dollar/Euro, 2.15 pm (C.E.T.)",USD,0
39,EXR.D.USD.EUR.SP00.A,D,USD,EUR,SP00,A,2024-02-26,1.0852,A,F,,,P1D,,A,,,,,,,99Q1=100,,,4,,4F0,,US dollar/Euro,"ECB reference exchange rate, US dollar/Euro, 2.15 pm (C.E.T.)",USD,0
40,EXR.D.USD.EUR.SP00.A,D,USD,EUR,SP00,A,2024-02-27,1.0856,A,F,,,P1D,,A,,,,,,,99Q1=100,,,4,,4F0,,US dollar/Euro,"ECB reference exchange rate, US dollar/Euro, 2.15 pm (C.E.T.)",USD,0
41,EXR.D.USD.EUR.SP00.A,D,USD,EUR,SP00,A,2024-02-28,1.0808,A,F,,,P1D,,A,,,,,,,99Q1=100,,,4,,4F0,,US dollar/Euro,"ECB reference exchange rate, US dollar/Euro, 2.15 pm (C.E.T.)",USD,0
42,EXR.D.USD.EUR.SP00.A,D,USD,EUR,SP00,A,2024-02-29,1.0826,A,F,,,P1D,,A,,,,,,,99Q1=100,,,4,,4F0,,US dollar/Euro,"ECB reference exchange rate, US dollar/Euro, 2.15 pm (C.E.T.)",USD,0
43,EXR.D.USD.EUR.SP00.A,D,USD,EUR,SP00,A,2024-03-01,1.0813,A,F,,,P1D,,A,,,,,,,99Q1=100,,,4,,4F0,,US dollar/Euro,"ECB reference exchange rate, US dollar/Euro, 2.15 pm (C.E.T.)",USD,0
44,EXR.D.USD.EUR.SP00.A,D,USD,EUR,SP00,A,2024-03-04,1.0846,A,F,,,P1D,,A,,,,,,,99Q1=100,,,4,,4F0,,US dollar/Euro,"ECB reference exchange rate, US dollar/Euro, 2.15 pm (C.E.T.)",USD,0
45,EXR.D.USD.EUR.SP00.A,D,USD,EUR,SP00,A,2024-03-05,1.0849,A,F,,,P1D,,A,,,,,,,99Q1=100,,,4,,4F0,,US dollar/Euro,"ECB reference exchange rate, US dollar/Euro, 2.15 pm (C.E.T.)",USD,0
46,EXR.D.USD.EUR.SP00.A,D,USD,EUR,SP00,A,2024-03-06,1.0874,A,F,,,P1D,,A,,,,,,,99Q1=100,,,4,,4F0,,US dollar/Euro,"ECB reference exchange rate, US dollar/Euro, 2.15 pm (C.E.T.)",USD,0
47,EXR.D.USD.EUR.SP00.A,D,USD,EUR,SP00,A,2024-03-07,1.0895,A,F,,,P1D,,A,,,,,,,99Q1=100,,,4,,4F0,,US dollar/Euro,"ECB reference exchange rate, US dollar/Euro, 2.15 pm (C.E.T.)",USD,0
48,EXR.D.USD.EUR.SP00.A,D,USD,EUR,SP00,A,2024-03-08,1.0932,A,F,,,P1D,,A,,,,,,,99Q1=100,,,4,,4F0,,US dollar/Euro,"ECB reference exchange rate, US dollar/Euro, 2.15 pm (C.E.T.)",USD,0
49,EXR.D.USD.EUR.SP00.A,D,USD,EUR,SP00,A,2024-03-11,1.0926,A,F,,,P1D,,A,,,,,,,99Q1=100,,,4,,4F0,,US dollar/Euro,"ECB reference exchange rate, US dollar/Euro, 2.15 pm (C.E.T.)",USD,0
50,EXR.D.USD.EUR.SP00.A,D,USD,EUR,SP00,A,2024-03-12,1.0916,A,F,,,P1D,,A,,,,,,,99Q1=100,,,4,,4F0,,US dollar/Euro,"ECB reference exchange rate, US dollar/Euro, 2.15 pm (C.E.T.)",USD,0
51,EXR.D.USD.EUR.SP00.A,D,USD,EUR,SP00,A,2024-03-13,1.0939,A,F,,,P1D,,A,,,,,,,99Q1=100,,,4,,4F0,,US dollar/Euro,"ECB reference exchange rate, US dollar/Euro, 2.15 pm (C.E.T.)",USD,0
52,EXR.D.USD.EUR.SP00.A,D,USD,EUR,SP00,A,2024-03-14,1.0925,A,F,,,P1D,,A,,,,,,,99Q1=100,,,4,,4F0,,US dollar/Euro,"ECB reference exchange rate, US dollar/Euro, 2.15 pm (C.E.T.)",USD,0
53,EXR.D.USD.EUR.SP00.A,D,USD,EUR,SP00,A,2024-03-15,1.0892,A,F,,,P1D,,A,,,,,,,99Q1=100,,,4,,4F0,,US dollar/Euro,"ECB reference exchange rate, US dollar/Euro, 2.15 pm (C.E.T.)",USD,0
54,EXR.D.USD.EUR.SP00.A,D,USD,EUR,SP00,A,2024-03-18,1.0892,A,F,,,P1D,,A,,,,,,,99Q1=100,,,4,,4F0,,US dollar/Euro,"ECB reference exchange rate, US dollar/Euro, 2.15 pm (C.E.T.)",USD,0
55,EXR.D.USD.EUR.SP00.A,D,USD,EUR,SP00,A,2024-03-19,1.0854,A,F,,,P1D,,A,,,,,,,99Q1=100,,,4,,4F0,,US dollar/Euro,"ECB reference exchange rate, US dollar/Euro, 2.15 pm (C.E.T.)",USD,0
56,EXR.D.USD.EUR.SP00.A,D,USD,EUR,SP00,A,2024-03-20,1.0844,A,F,,,P1D,,A,,,,,,,99Q1=100,,,4,,4F0,,US dollar/Euro,"ECB reference exchange rate, US dollar/Euro, 2.15 pm (C.E.T.)",USD,0
57,EXR.D.USD.EUR.SP00.A,D,USD,EUR,SP00,A,2024-03-21,1.0907,A,F,,,P1D,,A,,,,,,,99Q1=100,,,4,,4F0,,US dollar/Euro,"ECB reference exchange rate, US dollar/Euro, 2.15 pm (C.E.T.)",USD,0
58,EXR.D.USD.EUR.SP00.A,D,USD,EUR,SP00,A,2024-03-22,1.0823,A,F,,,P1D,,A,,,,,,,99Q1=100,,,4,,4F0,,US dollar/Euro,"ECB reference exchange rate, US dollar/Euro, 2.15 pm (C.E.T.)",USD,0
59,EXR.D.USD.EUR.SP00.A,D,USD,EUR,SP00,A,2024-03-25,1.0835,A,F,,,P1D,,A,,,,,,,99Q1=100,,,4,,4F0,,US dollar/Euro,"ECB reference exchange rate, US dollar/Euro, 2.15 pm (C.E.T.)",USD,0
60,EXR.D.USD.EUR.SP00.A,D,USD,EUR,SP00,A,2024-03-26,1.0855,A,F,,,P1D,,A,,,,,,,99Q1=100,,,4,,4F0,,US dollar/Euro,"ECB reference exchange rate, US dollar/Euro, 2.15 pm (C.E.T.)",USD,0
61,EXR.D.USD.EUR.SP00.A,D,USD,EUR,SP00,A,2024-03-27,1.0816,A,F,,,P1D,,A,,,,,,,99Q1=100,,,4,,4F0,,US dollar/Euro,"ECB reference exchange rate, US dollar/Euro, 2.15 pm (C.E.T.)",USD,0
62,EXR.D.USD.EUR.SP00.A,D,USD,EUR,SP00,A,2024-03-28,1.0811,A,F,,,P1D,,A,,,,,,,99Q1=100,,,4,,4F0,,US dollar/Euro,"ECB reference exchange rate, US dollar/Euro, 2.15 pm (C.E.T.)",USD,0
63,EXR.D.USD.EUR.SP00.A,D,USD,EUR,SP00,A,2024-04-02,1.0749,A,F,,,P1D,,A,,,,,,,99Q1=100,,,4,,4F0,,US dollar/Euro,"ECB reference exchange rate, US dollar/Euro, 2.15 pm (C.E.T.)",USD,0
64,EXR.D.USD.EUR.SP00.A,D,USD,EUR,SP00,A,2024-04-03,1.0783,A,F,,,P1D,,A,,,,,,,99Q1=100,,,4,,4F0,,US dollar/Euro,"ECB reference exchange rate, US dollar/Euro, 2.15 pm (C.E.T.)",USD,0
65,EXR.D.USD.EUR.SP00.A,D,USD,EUR,SP00,A,2024-04-04,1.0852,A,F,,,P1D,,A,,,,,,,99Q1=100,,,4,,4F0,,US dollar/Euro,"ECB reference exchange rate, US dollar/Euro, 2.15 pm (C.E.T.)",USD,0
66,EXR.D.USD.EUR.SP00.A,D,USD,EUR,SP00,A,2024-04-05,1.0841,A,F,,,P1D,,A,,,,,,,99Q1=100,,,4,,4F0,,US dollar/Euro,"ECB reference exchange rate, US dollar/Euro, 2.15 pm (C.E.T.)",USD,0
67,EXR.D.USD.EUR.SP00.A,D,USD,EUR,SP00,A,2024-04-08,1.0823,A,F,,,P1D,,A,,,,,,,99Q1=100,,,4,,4F0,,US dollar/Euro,"ECB reference exchange rate, US dollar/Euro, 2.15 pm (C.E.T.)",USD,0
68,EXR.D.USD.EUR.SP00.A,D,USD,EUR,SP00,A,2024-04-09,1.0867,A,F,,,P1D,,A,,,,,,,99Q1=100,,,4,,4F0,,US dollar/Euro,"ECB reference exchange rate, US dollar/Euro, 2.15 pm (C.E.T.)",USD,0
69,EXR.D.USD.EUR.SP00.A,D,USD,EUR,SP00,A,2024-04-10,1.086,A,F,,,P1D,,A,,,,,,,99Q1=100,,,4,,4F0,,US dollar/Euro,"ECB reference exchange rate, US dollar/Euro, 2.15 pm (C.E.T.)",USD,0
70,EXR.D.USD.EUR.SP00.A,D,USD,EUR,SP00,A,2024-04-11,1.0729,A,F,,,P1D,,A,,,,,,,99Q1=100,,,4,,4F0,,US dollar/Euro,"ECB reference exchange rate, US dollar/Euro, 2.15 pm (C.E.T.)",USD,0
71,EXR.D.USD.EUR.SP00.A,D,USD,EUR,SP00,A,2024-04-12,1.0652,A,F,,,P1D,,A,,,,,,,99Q1=100,,,4,,4F0,,US dollar/Euro,"ECB reference exchange rate, US dollar/Euro, 2.15 pm (C.E.T.)",USD,0
72,EXR.D.USD.EUR.SP00.A,D,USD,EUR,SP00,A,2024-04-15,1.0656,A,F,,,P1D,,A,,,,,,,99Q1=100,,,4,,4F0,,US dollar/Euro,"ECB reference exchange rate, US dollar/Euro, 2.15 pm (C.E.T.)",USD,0
73,EXR.D.USD.EUR.SP00.A,D,USD,EUR,SP00,A,2024-04-16,1.0637,A,F,,,P1D,,A,,,,,,,99Q1=100,,,4,,4F0,,US dollar/Euro,"ECB reference exchange rate, US dollar/Euro, 2.15 pm (C.E.T.)",USD,0
74,EXR.D.USD.EUR.SP00.A,D,USD,EUR,SP00,A,2024-04-17,1.0638,A,F,,,P1D,,A,,,,,,,99Q1=100,,,4,,4F0,,US dollar/Euro,"ECB reference exchange rate, US dollar/Euro, 2.15 pm (C.E.T.)",USD,0
75,EXR.D.USD.EUR.SP00.A,D,USD,EUR,SP00,A,2024-04-18,1.0679,A,F,,,P1D,,A,,,,,,,99Q1=100,,,4,,4F0,,US dollar/Euro,"ECB reference exchange rate, US dollar/Euro, 2.15 pm (C.E.T.)",USD,0
76,EXR.D.USD.EUR.SP00.A,D,USD,EUR,SP00,A,2024-04-19,1.0653,A,F,,,P1D,,A,,,,,,,99Q1=100,,,4,,4F0,,US dollar/Euro,"ECB reference exchange rate, US dollar/Euro, 2.15 pm (C.E.T.)",USD,0
77,EXR.D.USD.EUR.SP00.A,D,USD,EUR,SP00,A,2024-04-22,1.0632,A,F,,,P1D,,A,,,,,,,99Q1=100,,,4,,4F0,,US dollar/Euro,"ECB reference exchange rate, US dollar/Euro, 2.15 pm (C.E.T.)",USD,0
78,EXR.D.USD.EUR.SP00.A,D,USD,EUR,SP00,A,2024-04-23,1.0674,A,F,,,P1D,,A,,,,,,,99Q1=100,,,4,,4F0,,US dollar/Euro,"ECB reference exchange rate, US dollar/Euro, 2.15 pm (C.E.T.)",USD,0
79,EXR.D.USD.EUR.SP00.A,D,USD,EUR,SP00,A,2024-04-24,1.0686,A,F,,,P1D,,A,,,,,,,99Q1=100,,,4,,4F0,,US dollar/Euro,"ECB reference exchange rate, US dollar/Euro, 2.15 pm (C.E.T.)",USD,0
80,EXR.D.USD.EUR.SP00.A,D,USD,EUR,SP00,A,2024-04-25,1.072,A,F,,,P1D,,A,,,,,,,99Q1=100,,,4,,4F0,,US dollar/Euro,"ECB reference exchange rate, US dollar/Euro, 2.15 pm (C.E.T.)",USD,0
81,EXR.D.USD.EUR.SP00.A,D,USD,EUR,SP00,A,2024-04-26,1.0714,A,F,,,P1D,,A,,,,,,,99Q1=100,,,4,,4F0,,US dollar/Euro,"ECB reference exchange rate, US dollar/Euro, 2.15 pm (C.E.T.)",USD,0
82,EXR.D.USD.EUR.SP00.A,D,USD,EUR,SP00,A,2024-04-29,1.072,A,F,,,P1D,,A,,,,,,,99Q1=100,,,4,,4F0,,US dollar/Euro,"ECB reference exchange rate, US dollar/Euro, 2.15 pm (C.E.T.)",USD,0
83,EXR.D.USD.EUR.SP00.A,D,USD,EUR,SP00,A,2024-04-30,1.0718,A,F,,,P1D,,A,,,,,,,99Q1=100,,,4,,4F0,,US dollar/Euro,"ECB reference exchange rate, US dollar/Euro, 2.15 pm (C.E.T.)",USD,0
84,EXR.D.USD.EUR.SP00.A,D,USD,EUR,SP00,A,2024-05-02,1.0698,A,F,,,P1D,,A,,,,,,,99Q1=100,,,4,,4F0,,US dollar/Euro,"ECB reference exchange rate, US dollar/Euro, 2.15 pm (C.E.T.)",USD,0
85,EXR.D.USD.EUR.SP00.A,D,USD,EUR,SP00,A,2024-05-03,1.0744,A,F,,,P1D,,A,,,,,,,99Q1=100,,,4,,4F0,,US dollar/Euro,"ECB reference exchange rate, US dollar/Euro, 2.15 pm (C.E.T.)",USD,0
86,EXR.D.USD.EUR.SP00.A,D,USD,EUR,SP00,A,2024-05-06,1.0776,A,F,,,P1D,,A,,,,,,,99Q1=100,,,4,,4F0,,US dollar/Euro,"ECB reference exchange rate, US dollar/Euro, 2.15 pm (C.E.T.)",USD,0
87,EXR.D.USD.EUR.SP00.A,D,USD,EUR,SP00,A,2024-05-07,1.0766,A,F,,,P1D,,A,,,,,,,99Q1=100,,,4,,4F0,,US dollar/Euro,"ECB reference exchange rate, US dollar/Euro, 2.15 pm (C.E.T.)",USD,0
88,EXR.D.USD.EUR.SP00.A,D,USD,EUR,SP00,A,2024-05-08,1.0743,A,F,,,P1D,,A,,,,,,,99Q1=100,,,4,,4F0,,US dollar/Euro,"ECB reference exchange rate, US dollar/Euro, 2.15 pm (C.E.T.)",USD,0
89,EXR.D.USD.EUR.SP00.A,D,USD,EUR,SP00,A,2024-05-09,1.0732,A,F,,,P1D,,A,,,,,,,99Q1=100,,,4,,4F0,,US dollar/Euro,"ECB reference exchange rate, US dollar/Euro, 2.15 pm (C.E.T.)",USD,0
90,EXR.D.USD.EUR.SP00.A,D,USD,EUR,SP00,A,2024-05-10,1.0779,A,F,,,P1D,,A,,,,,,,99Q1=100,,,4,,4F0,,US dollar/Euro,"ECB reference exchange rate, US dollar/Euro, 2.15 pm (C.E.T.)",USD,0
91,EXR.D.USD.EUR.SP00.A,D,USD,EUR,SP00,A,2024-05-13,1.0795,A,F,,,P1D,,A,,,,,,,99Q1=100,,,4,,4F0,,US dollar/Euro,"ECB reference exchange rate, US dollar/Euro, 2.15 pm (C.E.T.)",USD,0
92,EXR.D.USD.EUR.SP00.A,D,USD,EUR,SP00,A,2024-05-14,1.0796,A,F,,,P1D,,A,,,,,,,99Q1=100,,,4,,4F0,,US dollar/Euro,"ECB reference exchange rate, US dollar/Euro, 2.15 pm (C.E.T.)",USD,0
93,EXR.D.USD.EUR.SP00.A,D,USD,EUR,SP00,A,2024-05-15,1.0832,A,F,,,P1D,,A,,,,,,,99Q1=100,,,4,,4F0,,US dollar/Euro,"ECB reference exchange rate, US dollar/Euro, 2.15 pm (C.E.T.)",USD,0
94,EXR.D.USD.EUR.SP00.A,D,USD,EUR,SP00,A,2024-05-16,1.0866,A,F,,,P1D,,A,,,,,,,99Q1=100,,,4,,4F0,,US dollar/Euro,"ECB reference exchange rate, US dollar/Euro, 2.15 pm (C.E.T.)",USD,0
95,EXR.D.USD.EUR.SP00.A,D,USD,EUR,SP00,A,2024-05-17,1.0844,A,F,,,P1D,,A,,,,,,,99Q1=100,,,4,,4F0,,US dollar/Euro,"ECB reference exchange rate, US dollar/Euro, 2.15 pm (C.E.T.)",USD,0
96,EXR.D.USD.EUR.SP00.A,D,USD,EUR,SP00,A,2024-05-20,1.0861,A,F,,,P1D,,A,,,,,,,99Q1=100,,,4,,4F0,,US dollar/Euro,"ECB reference exchange rate, US dollar/Euro, 2.15 pm (C.E.T.)",USD,0
97,EXR.D.USD.EUR.SP00.A,D,USD,EUR,SP00,A,2024-05-21,1.0864,A,F,,,P1D,,A,,,,,,,99Q1=100,,,4,,4F0,,US dollar/Euro,"ECB reference exchange rate, US dollar/Euro, 2.15 pm (C.E.T.)",USD,0
98,EXR.D.USD.EUR.SP00.A,D,USD,EUR,SP00,A,2024-05-22,1.083,A,F,,,P1D,,A,,,,,,,99Q1=100,,,4,,4F0,,US dollar/Euro,"ECB reference exchange rate, US dollar/Euro, 2.15 pm (C.E.T.)",USD,0
99,EXR.D.USD.EUR.SP00.A,D,USD,EUR,SP00,A,2024-05-23,1.0854,A,F,,,P1D,,A,,,,,,,99Q1=100,,,4,,4F0,,US dollar/Euro,"ECB reference exchange rate, US dollar/Euro, 2.15 pm (C.E.T.)",USD,0
100,EXR.D.USD.EUR.SP00.A,D,USD,EUR,SP00,A,2024-05-24,1.084,A,F,,,P1D,,A,,,,,,,99Q1=100,,,4,,4F0,,US dollar/Euro,"ECB reference exchange rate, US dollar/Euro, 2.15 pm (C.E.T.)",USD,0
101,EXR.D.USD.EUR.SP00.A,D,USD,EUR,SP00,A,2024-05-27,1.0843,A,F,,,P1D,,A,,,,,,,99Q1=100,,,4,,4F0,,US dollar/Euro,"ECB reference exchange rate, US dollar/Euro, 2.15 pm (C.E.T.)",USD,0
102,EXR.D.USD.EUR.SP00.A,D,USD,EUR,SP00,A,2024-05-28,1.0882,A,F,,,P1D,,A,,,,,,,99Q1=100,,,4,,4F0,,US dollar/Euro,"ECB reference exchange rate, US dollar/Euro, 2.15 pm (C.E.T.)",USD,0
103,EXR.D.USD.EUR.SP00.A,D,USD,EUR,SP00,A,2024-05-29,1.0857,A,F,,,P1D,,A,,,,,,,99Q1=100,,,4,,4F0,,US dollar/Euro,"ECB reference exchange rate, US dollar/Euro, 2.15 pm (C.E.T.)",USD,0
104,EXR.D.USD.EUR.SP00.A,D,USD,EUR,SP00,A,2024-05-30,1.0815,A,F,,,P1D,,A,,,,,,,99Q1=100,,,4,,4F0,,US dollar/Euro,"ECB reference exchange rate, US dollar/Euro, 2.15 pm (C.E.T.)",USD,0
105,EXR.D.USD.EUR.SP00.A,D,USD,EUR,SP00,A,2024-05-31,1.0852,A,F,,,P1D,,A,,,,,,,99Q1=100,,,4,,4F0,,US dollar/Euro,"ECB reference exchange rate, US dollar/Euro, 2.15 pm (C.E.T.)",USD,0
106,EXR.D.USD.EUR.SP00.A,D,USD,EUR,SP00,A,2024-06-03,1.0842,A,F,,,P1D,,A,,,,,,,99Q1=100,,,4,,4F0,,US dollar/Euro,"ECB reference exchange rate, US dollar/Euro, 2.15 pm (C.E.T.)",USD,0
107,EXR.D.USD.EUR.SP00.A,D,USD,EUR,SP00,A,2024-06-04,1.0865,A,F,,,P1D,,A,,,,,,,99Q1=100,,,4,,4F0,,US dollar/Euro,"ECB reference exchange rate, US dollar/Euro, 2.15 pm (C.E.T.)",USD,0
108,EXR.D.USD.EUR.SP00.A,D,USD,EUR,SP00,A,2024-06-05,1.0872,A,F,,,P1D,,A,,,,,,,99Q1=100,,,4,,4F0,,US dollar/Euro,"ECB reference exchange rate, US dollar/Euro, 2.15 pm (C.E.T.)",USD,0
109,EXR.D.USD.EUR.SP00.A,D,USD,EUR,SP00,A,2024-06-06,1.0865,A,F,,,P1D,,A,,,,,,,99Q1=100,,,4,,4F0,,US dollar/Euro,"ECB reference exchange rate, US dollar/Euro, 2.15 pm (C.E.T.)",USD,0
110,EXR.D.USD.EUR.SP00.A,D,USD,EUR,SP00,A,2024-06-07,1.0898,A,F,,,P1D,,A,,,,,,,99Q1=100,,,4,,4F0,,US dollar/Euro,"ECB reference exchange rate, US dollar/Euro, 2.15 pm (C.E.T.)",USD,0
111,EXR.D.USD.EUR.SP00.A,D,USD,EUR,SP00,A,2024-06-10,1.0756,A,F,,,P1D,,A,,,,,,,99Q1=100,,,4,,4F0,,US dollar/Euro,"ECB reference exchange rate, US dollar/Euro, 2.15 pm (C.E.T.)",USD,0
112,EXR.D.USD.EUR.SP00.A,D,USD,EUR,SP00,A,2024-06-11,1.073,A,F,,,P1D,,A,,,,,,,99Q1=100,,,4,,4F0,,US dollar/Euro,"ECB reference exchange rate, US dollar/Euro, 2.15 pm (C.E.T.)",USD,0
113,EXR.D.USD.EUR.SP00.A,D,USD,EUR,SP00,A,2024-06-12,1.0765,A,F,,,P1D,,A,,,,,,,99Q1=100,,,4,,4F0,,US dollar/Euro,"ECB reference exchange rate, US dollar/Euro, 2.15 pm (C.E.T.)",USD,0
114,EXR.D.USD.EUR.SP00.A,D,USD,EUR,SP00,A,2024-06-13,1.0784,A,F,,,P1D,,A,,,,,,,99Q1=100,,,4,,4F0,,US dollar/Euro,"ECB reference exchange rate, US dollar/Euro, 2.15 pm (C.E.T.)",USD,0
115,EXR.D.USD.EUR.SP00.A,D,USD,EUR,SP00,A,2024-06-14,1.0686,A,F,,,P1D,,A,,,,,,,99Q1=100,,,4,,4F0,,US dollar/Euro,"ECB reference exchange rate, US dollar/Euro, 2.15 pm (C.E.T.)",USD,0
116,EXR.D.USD.EUR.SP00.A,D,USD,EUR,SP00,A,2024-06-17,1.0712,A,F,,,P1D,,A,,,,,,,99Q1=100,,,4,,4F0,,US dollar/Euro,"ECB reference exchange rate, US dollar/Euro, 2.15 pm (C.E.T.)",USD,0
117,EXR.D.USD.EUR.SP00.A,D,USD,EUR,SP00,A,2024-06-18,1.0715,A,F,,,P1D,,A,,,,,,,99Q1=100,,,4,,4F0,,US dollar/Euro,"ECB reference exchange rate, US dollar/Euro, 2.15 pm (C.E.T.)",USD,0
118,EXR.D.USD.EUR.SP00.A,D,USD,EUR,SP00,A,2024-06-19,1.0749,A,F,,,P1D,,A,,,,,,,99Q1=100,,,4,,4F0,,US dollar/Euro,"ECB reference exchange rate, US dollar/Euro, 2.15 pm (C.E.T.)",USD,0
119,EXR.D.USD.EUR.SP00.A,D,USD,EUR,SP00,A,2024-06-20,1.0719,A,F,,,P1D,,A,,,,,,,99Q1=100,,,4,,4F0,,US dollar/Euro,"ECB reference exchange rate, US dollar/Euro, 2.15 pm (C.E.T.)",USD,0
120,EXR.D.USD.EUR.SP00.A,D,USD,EUR,SP00,A,2024-06-21,1.0688,A,F,,,P1D,,A,,,,,,,99Q1=100,,,4,,4F0,,US dollar/Euro,"ECB reference exchange rate, US dollar/Euro, 2.15 pm (C.E.T.)",USD,0
121,EXR.D.USD.EUR.SP00.A,D,USD,EUR,SP00,A,2024-06-24,1.073,A,F,,,P1D,,A,,,,,,,99Q1=100,,,4,,4F0,,US dollar/Euro,"ECB reference exchange rate, US dollar/Euro, 2.15 pm (C.E.T.)",USD,0
122,EXR.D.USD.EUR.SP00.A,D,USD,EUR,SP00,A,2024-06-25,1.0714,A,F,,,P1D,,A,,,,,,,99Q1=100,,,4,,4F0,,US dollar/Euro,"ECB reference exchange rate, US dollar/Euro, 2.15 pm (C.E.T.)",USD,0
123,EXR.D.USD.EUR.SP00.A,D,USD,EUR,SP00,A,2024-06-26,1.0689,A,F,,,P1D,,A,,,,,,,99Q1=100,,,4,,4F0,,US dollar/Euro,"ECB reference exchange rate, US dollar/Euro, 2.15 pm (C.E.T.)",USD,0
124,EXR.D.USD.EUR.SP00.A,D,USD,EUR,SP00,A,2024-06-27,1.0696,A,F,,,P1D,,A,,,,,,,99Q1=100,,,4,,4F0,,US dollar/Euro,"ECB reference exchange rate, US dollar/Euro, 2.15 pm (C.E.T.)",USD,0
125,EXR.D.USD.EUR.SP00.A,D,USD,EUR,SP00,A,2024-06-28,1.0705,A,F,,,P1D,,A,,,,,,,99Q1=100,,,4,,4F0,,US dollar/Euro,"ECB reference exchange rate, US dollar/Euro, 2.15 pm (C.E.T.)",USD,0
126,EXR.D.USD.EUR.SP00.A,D,USD,EUR,SP00,A,2024-07-01,1.0745,A,F,,,P1D,,A,,,,,,,99Q1=100,,,4,,4F0,,US dollar/Euro,"ECB reference exchange rate, US dollar/Euro, 2.15 pm (C.E.T.)",USD,0
127,EXR.D.USD.EUR.SP00.A,D,USD,EUR,SP00,A,2024-07-02,1.0729,A,F,,,P1D,,A,,,,,,,99Q1=100,,,4,,4F0,,US dollar/Euro,"ECB reference exchange rate, US dollar/Euro, 2.15 pm (C.E.T.)",USD,0
128,EXR.D.USD.EUR.SP00.A,D,USD,EUR,SP00,A,2024-07-03,1.0758,A,F,,,P1D,,A,,,,,,,99Q1=100,,,4,,4F0,,US dollar/Euro,"ECB reference exchange rate, US dollar/Euro, 2.15 pm (C.E.T.)",USD,0
129,EXR.D.USD.EUR.SP00.A,D,USD,EUR,SP00,A,2024-07-04,1.08,A,F,,,P1D,,A,,,,,,,99Q1=100,,,4,,4F0,,US dollar/Euro,"ECB reference exchange rate, US dollar/Euro, 2.15 pm (C.E.T.)",USD,0
130,EXR.D.USD.EUR.SP00.A,D,USD,EUR,SP00,A,2024-07-05,1.0824,A,F,,,P1D,,A,,,,,,,99Q1=100,,,4,,4F0,,US dollar/Euro,"ECB reference exchange rate, US dollar/Euro, 2.15 pm (C.E.T.)",USD,0
131,EXR.D.USD.EUR.SP00.A,D,USD,EUR,SP00,A,2024-07-08,1.0835,A,F,,,P1D,,A,,,,,,,99Q1=100,,,4,,4F0,,US dollar/Euro,"ECB reference exchange rate, US dollar/Euro, 2.15 pm (C.E.T.)",USD,0
132,EXR.D.USD.EUR.SP00.A,D,USD,EUR,SP00,A,2024-07-09,1.0814,A,F,,,P1D,,A,,,,,,,99Q1=100,,,4,,4F0,,US dollar/Euro,"ECB reference exchange rate, US dollar/Euro, 2.15 pm (C.E.T.)",USD,0
133,EXR.D.USD.EUR.SP00.A,D,USD,EUR,SP00,A,2024-07-10,1.0825,A,F,,,P1D,,A,,,,,,,99Q1=100,,,4,,4F0,,US dollar/Euro,"ECB reference exchange rate, US dollar/Euro, 2.15 pm (C.E.T.)",USD,0
134,EXR.D.USD.EUR.SP00.A,D,USD,EUR,SP00,A,2024-07-11,1.0855,A,F,,,P1D,,A,,,,,,,99Q1=100,,,4,,4F0,,US dollar/Euro,"ECB reference exchange rate, US dollar/Euro, 2.15 pm (C.E.T.)",USD,0
135,EXR.D.USD.EUR.SP00.A,D,USD,EUR,SP00,A,2024-07-12,1.089,A,F,,,P1D,,A,,,,,,,99Q1=100,,,4,,4F0,,US dollar/Euro,"ECB reference exchange rate, US dollar/Euro, 2.15 pm (C.E.T.)",USD,0
136,EXR.D.USD.EUR.SP00.A,D,USD,EUR,SP00,A,2024-07-15,1.0907,A,F,,,P1D,,A,,,,,,,99Q1=100,,,4,,4F0,,US dollar/Euro,"ECB reference exchange rate, US dollar/Euro, 2.15 pm (C.E.T.)",USD,0
137,EXR.D.USD.EUR.SP00.A,D,USD,EUR,SP00,A,2024-07-16,1.0902,A,F,,,P1D,,A,,,,,,,99Q1=100,,,4,,4F0,,US dollar/Euro,"ECB reference exchange rate, US dollar/Euro, 2.15 pm (C.E.T.)",USD,0
138,EXR.D.USD.EUR.SP00.A,D,USD,EUR,SP00,A,2024-07-17,1.0934,A,F,,,P1D,,A,,,,,,,99Q1=100,,,4,,4F0,,US dollar/Euro,"ECB reference exchange rate, US dollar/Euro, 2.15 pm (C.E.T.)",USD,0
139,EXR.D.USD.EUR.SP00.A,D,USD,EUR,SP00,A,2024-07-18,1.093,A,F,,,P1D,,A,,,,,,,99Q1=100,,,4,,4F0,,US dollar/Euro,"ECB reference exchange rate, US dollar/Euro, 2.15 pm (C.E.T.)",USD,0
140,EXR.D.USD.EUR.SP00.A,D,USD,EUR,SP00,A,2024-07-19,1.089,A,F,,,P1D,,A,,,,,,,99Q1=100,,,4,,4F0,,US dollar/Euro,"ECB reference exchange rate, US dollar/Euro, 2.15 pm (C.E.T.)",USD,0
141,EXR.D.USD.EUR.SP00.A,D,USD,EUR,SP00,A,2024-07-22,1.0888,A,F,,,P1D,,A,,,,,,,99Q1=100,,,4,,4F0,,US dollar/Euro,"ECB reference exchange rate, US dollar/Euro, 2.15 pm (C.E.T.)",USD,0
142,EXR.D.USD.EUR.SP00.A,D,USD,EUR,SP00,A,2024-07-23,1.086,A,F,,,P1D,,A,,,,,,,99Q1=100,,,4,,4F0,,US dollar/Euro,"ECB reference exchange rate, US dollar/Euro, 2.15 pm (C.E.T.)",USD,0
143,EXR.D.USD.EUR.SP00.A,D,USD,EUR,SP00,A,2024-07-24,1.0848,A,F,,,P1D,,A,,,,,,,99Q1=100,,,4,,4F0,,US dollar/Euro,"ECB reference exchange rate, US dollar/Euro, 2.15 pm (C.E.T.)",USD,0
144,EXR.D.USD.EUR.SP00.A,D,USD,EUR,SP00,A,2024-07-25,1.0851,A,F,,,P1D,,A,,,,,,,99Q1=100,,,4,,4F0,,US dollar/Euro,"ECB reference exchange rate, US dollar/Euro, 2.15 pm (C.E.T.)",USD,0
145,EXR.D.USD.EUR.SP00.A,D,USD,EUR,SP00,A,2024-07-26,1.086,A,F,,,P1D,,A,,,,,,,99Q1=100,,,4,,4F0,,US dollar/Euro,"ECB reference exchange rate, US dollar/Euro, 2.15 pm (C.E.T.)",USD,0
146,EXR.D.USD.EUR.SP00.A,D,USD,EUR,SP00,A,2024-07-29,1.0817,A,F,,,P1D,,A,,,,,,,99Q1=100,,,4,,4F0,,US dollar/Euro,"ECB reference exchange rate, US dollar/Euro, 2.15 pm (C.E.T.)",USD,0
147,EXR.D.USD.EUR.SP00.A,D,USD,EUR,SP00,A,2024-07-30,1.0824,A,F,,,P1D,,A,,,,,,,99Q1=100,,,4,,4F0,,US dollar/Euro,"ECB reference exchange rate, US dollar/Euro, 2.15 pm (C.E.T.)",USD,0
148,EXR.D.USD.EUR.SP00.A,D,USD,EUR,SP00,A,2024-07-31,1.0828,A,F,,,P1D,,A,,,,,,,99Q1=100,,,4,,4F0,,US dollar/Euro,"ECB reference exchange rate, US dollar/Euro, 2.15 pm (C.E.T.)",USD,0
149,EXR.D.USD.EUR.SP00.A,D,USD,EUR,SP00,A,2024-08-01,1.0789,A,F,,,P1D,,A,,,,,,,99Q1=100,,,4,,4F0,,US dollar/Euro,"ECB reference exchange rate, US dollar/Euro, 2.15 pm (C.E.T.)",USD,0
150,EXR.D.USD.EUR.SP00.A,D,USD,EUR,SP00,A,2024-08-02,1.0835,A,F,,,P1D,,A,,,,,,,99Q1=100,,,4,,4F0,,US dollar/Euro,"ECB reference exchange rate, US dollar/Euro, 2.15 pm (C.E.T.)",USD,0
151,EXR.D.USD.EUR.SP00.A,D,USD,EUR,SP00,A,2024-08-05,1.0966,A,F,,,P1D,,A,,,,,,,99Q1=100,,,4,,4F0,,US dollar/Euro,"ECB reference exchange rate, US dollar/Euro, 2.15 pm (C.E.T.)",USD,0
152,EXR.D.USD.EUR.SP00.A,D,USD,EUR,SP00,A,2024-08-06,1.0915,A,F,,,P1D,,A,,,,,,,99Q1=100,,,4,,4F0,,US dollar/Euro,"ECB reference exchange rate, US dollar/Euro, 2.15 pm (C.E.T.)",USD,0
153,EXR.D.USD.EUR.SP00.A,D,USD,EUR,SP00,A,2024-08-07,1.0922,A,F,,,P1D,,A,,,,,,,99Q1=100,,,4,,4F0,,US dollar/Euro,"ECB reference exchange rate, US dollar/Euro, 2.15 pm (C.E.T.)",USD,0
154,EXR.D.USD.EUR.SP00.A,D,USD,EUR,SP00,A,2024-08-08,1.093,A,F,,,P1D,,A,,,,,,,99Q1=100,,,4,,4F0,,US dollar/Euro,"ECB reference exchange rate, US dollar/Euro, 2.15 pm (C.E.T.)",USD,0
155,EXR.D.USD.EUR.SP00.A,D,USD,EUR,SP00,A,2024-08-09,1.0917,A,F,,,P1D,,A,,,,,,,99Q1=100,,,4,,4F0,,US dollar/Euro,"ECB reference exchange rate, US dollar/Euro, 2.15 pm (C.E.T.)",USD,0
156,EXR.D.USD.EUR.SP00.A,D,USD,EUR,SP00,A,2024-08-12,1.0925,A,F,,,P1D,,A,,,,,,,99Q1=100,,,4,,4F0,,US dollar/Euro,"ECB reference exchange rate, US dollar/Euro, 2.15 pm (C.E.T.)",USD,0
157,EXR.D.USD.EUR.SP00.A,D,USD,EUR,SP00,A,2024-08-13,1.0931,A,F,,,P1D,,A,,,,,,,99Q1=100,,,4,,4F0,,US dollar/Euro,"ECB reference exchange rate, US dollar/Euro, 2.15 pm (C.E.T.)",USD,0
158,EXR.D.USD.EUR.SP00.A,D,USD,EUR,SP00,A,2024-08-14,1.1019,A,F,,,P1D,,A,,,,,,,99Q1=100,,,4,,4F0,,US dollar/Euro,"ECB reference exchange rate, US dollar/Euro, 2.15 pm (C.E.T.)",USD,0
159,EXR.D.USD.EUR.SP00.A,D,USD,EUR,SP00,A,2024-08-15,1.1011,A,F,,,P1D,,A,,,,,,,99Q1=100,,,4,,4F0,,US dollar/Euro,"ECB reference exchange rate, US dollar/Euro, 2.15 pm (C.E.T.)",USD,0
160,EXR.D.USD.EUR.SP00.A,D,USD,EUR,SP00,A,2024-08-16,1.0994,A,F,,,P1D,,A,,,,,,,99Q1=100,,,4,,4F0,,US dollar/Euro,"ECB reference exchange rate, US dollar/Euro, 2.15 pm (C.E.T.)",USD,0
161,EXR.D.USD.EUR.SP00.A,D,USD,EUR,SP00,A,2024-08-19,1.1041,A,F,,,P1D,,A,,,,,,,99Q1=100,,,4,,4F0,,US dollar/Euro,"ECB reference exchange rate, US dollar/Euro, 2.15 pm (C.E.T.)",USD,0
162,EXR.D.USD.EUR.SP00.A,D,USD,EUR,SP00,A,2024-08-20,1.1084,A,F,,,P1D,,A,,,,,,,99Q1=100,,,4,,4F0,,US dollar/Euro,"ECB reference exchange rate, US dollar/Euro, 2.15 pm (C.E.T.)",USD,0
163,EXR.D.USD.EUR.SP00.A,D,USD,EUR,SP00,A,2024-08-21,1.1116,A,F,,,P1D,,A,,,,,,,99Q1=100,,,4,,4F0,,US dollar/Euro,"ECB reference exchange rate, US dollar/Euro, 2.15 pm (C.E.T.)",USD,0
164,EXR.D.USD.EUR.SP00.A,D,USD,EUR,SP00,A,2024-08-22,1.1135,A,F,,,P1D,,A,,,,,,,99Q1=100,,,4,,4F0,,US dollar/Euro,"ECB reference exchange rate, US dollar/Euro, 2.15 pm (C.E.T.)",USD,0
165,EXR.D.USD.EUR.SP00.A,D,USD,EUR,SP00,A,2024-08-23,1.1121,A,F,,,P1D,,A,,,,,,,99Q1=100,,,4,,4F0,,US dollar/Euro,"ECB reference exchange rate, US dollar/Euro, 2.15 pm (C.E.T.)",USD,0
166,EXR.D.USD.EUR.SP00.A,D,USD,EUR,SP00,A,2024-08-26,1.1163,A,F,,,P1D,,A,,,,,,,99Q1=100,,,4,,4F0,,US dollar/Euro,"ECB reference exchange rate, US dollar/Euro, 2.15 pm (C.E.T.)",USD,0
167,EXR.D.USD.EUR.SP00.A,D,USD,EUR,SP00,A,2024-08-27,1.1162,A,F,,,P1D,,A,,,,,,,99Q1=100,,,4,,4F0,,US dollar/Euro,"ECB reference exchange rate, US dollar/Euro, 2.15 pm (C.E.T.)",USD,0
168,EXR.D.USD.EUR.SP00.A,D,USD,EUR,SP00,A,2024-08-28,1.1117,A,F,,,P1D,,A,,,,,,,99Q1=100,,,4,,4F0,,US dollar/Euro,"ECB reference exchange rate, US dollar/Euro, 2.15 pm (C.E.T.)",USD,0
169,EXR.D.USD.EUR.SP00.A,D,USD,EUR,SP00,A,2024-08-29,1.1088,A,F,,,P1D,,A,,,,,,,99Q1=100,,,4,,4F0,,US dollar/Euro,"ECB reference exchange rate, US dollar/Euro, 2.15 pm (C.E.T.)",USD,0
170,EXR.D.USD.EUR.SP00.A,D,USD,EUR,SP00,A,2024-08-30,1.1087,A,F,,,P1D,,A,,,,,,,99Q1=100,,,4,,4F0,,US dollar/Euro,"ECB reference exchange rate, US dollar/Euro, 2.15 pm (C.E.T.)",USD,0
171,EXR.D.USD.EUR.SP00.A,D,USD,EUR,SP00,A,2024-09-02,1.1061,A,F,,,P1D,,A,,,,,,,99Q1=100,,,4,,4F0,,US dollar/Euro,"ECB reference exchange rate, US dollar/Euro, 2.15 pm (C.E.T.)",USD,0
172,EXR.D.USD.EUR.SP00.A,D,USD,EUR,SP00,A,2024-09-03,1.1035,A,F,,,P1D,,A,,,,,,,99Q1=100,,,4,,4F0,,US dollar/Euro,"ECB reference exchange rate, US dollar/Euro, 2.15 pm (C.E.T.)",USD,0
173,EXR.D.USD.EUR.SP00.A,D,USD,EUR,SP00,A,2024-09-04,1.105,A,F,,,P1D,,A,,,,,,,99Q1=100,,,4,,4F0,,US dollar/Euro,"ECB reference exchange rate, US dollar/Euro, 2.15 pm (C.E.T.)",USD,0
174,EXR.D.USD.EUR.SP00.A,D,USD,EUR,SP00,A,2024-09-05,1.1097,A,F,,,P1D,,A,,,,,,,99Q1=100,,,4,,4F0,,US dollar/Euro,"ECB reference exchange rate, US dollar/Euro, 2.15 pm (C.E.T.)",USD,0
175,EXR.D.USD.EUR.SP00.A,D,USD,EUR,SP00,A,2024-09-06,1.1103,A,F,,,P1D,,A,,,,,,,99Q1=100,,,4,,4F0,,US dollar/Euro,"ECB reference exchange rate, US dollar/Euro, 2.15 pm (C.E.T.)",USD,0
176,EXR.D.USD.EUR.SP00.A,D,USD,EUR,SP00,A,2024-09-09,1.1043,A,F,,,P1D,,A,,,,,,,99Q1=100,,,4,,4F0,,US dollar/Euro,"ECB reference exchange rate, US dollar/Euro, 2.15 pm (C.E.T.)",USD,0
177,EXR.D.USD.EUR.SP00.A,D,USD,EUR,SP00,A,2024-09-10,1.1031,A,F,,,P1D,,A,,,,,,,99Q1=100,,,4,,4F0,,US dollar/Euro,"ECB reference exchange rate, US dollar/Euro, 2.15 pm (C.E.T.)",USD,0
178,EXR.D.USD.EUR.SP00.A,D,USD,EUR,SP00,A,2024-09-11,1.1043,A,F,,,P1D,,A,,,,,,,99Q1=100,,,4,,4F0,,US dollar/Euro,"ECB reference exchange rate, US dollar/Euro, 2.15 pm (C.E.T.)",USD,0
179,EXR.D.USD.EUR.SP00.A,D,USD,EUR,SP00,A,2024-09-12,1.1016,A,F,,,P1D,,A,,,,,,,99Q1=100,,,4,,4F0,,US dollar/Euro,"ECB reference exchange rate, US dollar/Euro, 2.15 pm (C.E.T.)",USD,0
180,EXR.D.USD.EUR.SP00.A,D,USD,EUR,SP00,A,2024-09-13,1.1081,A,F,,,P1D,,A,,,,,,,99Q1=100,,,4,,4F0,,US dollar/Euro,"ECB reference exchange rate, US dollar/Euro, 2.15 pm (C.E.T.)",USD,0
181,EXR.D.USD.EUR.SP00.A,D,USD,EUR,SP00,A,2024-09-16,1.1126,A,F,,,P1D,,A,,,,,,,99Q1=100,,,4,,4F0,,US dollar/Euro,"ECB reference exchange rate, US dollar/Euro, 2.15 pm (C.E.T.)",USD,0
182,EXR.D.USD.EUR.SP00.A,D,USD,EUR,SP00,A,2024-09-17,1.1139,A,F,,,P1D,,A,,,,,,,99Q1=100,,,4,,4F0,,US dollar/Euro,"ECB reference exchange rate, US dollar/Euro, 2.15 pm (C.E.T.)",USD,0
183,EXR.D.USD.EUR.SP00.A,D,USD,EUR,SP00,A,2024-09-18,1.1124,A,F,,,P1D,,A,,,,,,,99Q1=100,,,4,,4F0,,US dollar/Euro,"ECB reference exchange rate, US dollar/Euro, 2.15 pm (C.E.T.)",USD,0
184,EXR.D.USD.EUR.SP00.A,D,USD,EUR,SP00,A,2024-09-19,1.1156,A,F,,,P1D,,A,,,,,,,99Q1=100,,,4,,4F0,,US dollar/Euro,"ECB reference exchange rate, US dollar/Euro, 2.15 pm (C.E.T.)",USD,0
185,EXR.D.USD.EUR.SP00.A,D,USD,EUR,SP00,A,2024-09-20,1.1166,A,F,,,P1D,,A,,,,,,,99Q1=100,,,4,,4F0,,US dollar/Euro,"ECB reference exchange rate, US dollar/Euro, 2.15 pm (C.E.T.)",USD,0
186,EXR.D.USD.EUR.SP00.A,D,USD,EUR,SP00,A,2024-09-23,1.1119,A,F,,,P1D,,A,,,,,,,99Q1=100,,,4,,4F0,,US dollar/Euro,"ECB reference exchange rate, US dollar/Euro, 2.15 pm (C.E.T.)",USD,0
187,EXR.D.USD.EUR.SP00.A,D,USD,EUR,SP00,A,2024-09-24,1.1133,A,F,,,P1D,,A,,,,,,,99Q1=100,,,4,,4F0,,US dollar/Euro,"ECB reference exchange rate, US dollar/Euro, 2.15 pm (C.E.T.)",USD,0
188,EXR.D.USD.EUR.SP00.A,D,USD,EUR,SP00,A,2024-09-25,1.1194,A,F,,,P1D,,A,,,,,,,99Q1=100,,,4,,4F0,,US dollar/Euro,"ECB reference exchange rate, US dollar/Euro, 2.15 pm (C.E.T.)",USD,0
189,EXR.D.USD.EUR.SP00.A,D,USD,EUR,SP00,A,2024-09-26,1.1155,A,F,,,P1D,,A,,,,,,,99Q1=100,,,4,,4F0,,US dollar/Euro,"ECB reference exchange rate, US dollar/Euro, 2.15 pm (C.E.T.)",USD,0
190,EXR.D.USD.EUR.SP00.A,D,USD,EUR,SP00,A,2024-09-27,1.1158,A,F,,,P1D,,A,,,,,,,99Q1=100,,,4,,4F0,,US dollar/Euro,"ECB reference exchange rate, US dollar/Euro, 2.15 pm (C.E.T.)",USD,0
191,EXR.D.USD.EUR.SP00.A,D,USD,EUR,SP00,A,2024-09-30,1.1196,A,F,,,P1D,,A,,,,,,,99Q1=100,,,4,,4F0,,US dollar/Euro,"ECB reference exchange rate, US dollar/Euro, 2.15 pm (C.E.T.)",USD,0
192,EXR.D.USD.EUR.SP00.A,D,USD,EUR,SP00,A,2024-10-01,1.1086,A,F,,,P1D,,A,,,,,,,99Q1=100,,,4,,4F0,,US dollar/Euro,"ECB reference exchange rate, US dollar/Euro, 2.15 pm (C.E.T.)",USD,0
193,EXR.D.USD.EUR.SP00.A,D,USD,EUR,SP00,A,2024-10-02,1.1071,A,F,,,P1D,,A,,,,,,,99Q1=100,,,4,,4F0,,US dollar/Euro,"ECB reference exchange rate, US dollar/Euro, 2.15 pm (C.E.T.)",USD,0
194,EXR.D.USD.EUR.SP00.A,D,USD,EUR,SP00,A,2024-10-03,1.1039,A,F,,,P1D,,A,,,,,,,99Q1=100,,,4,,4F0,,US dollar/Euro,"ECB reference exchange rate, US dollar/Euro, 2.15 pm (C.E.T.)",USD,0
195,EXR.D.USD.EUR.SP00.A,D,USD,EUR,SP00,A,2024-10-04,1.1029,A,F,,,P1D,,A,,,,,,,99Q1=100,,,4,,4F0,,US dollar/Euro,"ECB reference exchange rate, US dollar/Euro, 2.15 pm (C.E.T.)",USD,0
196,EXR.D.USD.EUR.SP00.A,D,USD,EUR,SP00,A,2024-10-07,1.0982,A,F,,,P1D,,A,,,,,,,99Q1=100,,,4,,4F0,,US dollar/Euro,"ECB reference exchange rate, US dollar/Euro, 2.15 pm (C.E.T.)",USD,0
197,EXR.D.USD.EUR.SP00.A,D,USD,EUR,SP00,A,2024-10-08,1.0982,A,F,,,P1D,,A,,,,,,,99Q1=100,,,4,,4F0,,US dollar/Euro,"ECB reference exchange rate, US dollar/Euro, 2.15 pm (C.E.T.)",USD,0
198,EXR.D.USD.EUR.SP00.A,D,USD,EUR,SP00,A,2024-10-09,1.0957,A,F,,,P1D,,A,,,,,,,99Q1=100,,,4,,4F0,,US dollar/Euro,"ECB reference exchange rate, US dollar/Euro, 2.15 pm (C.E.T.)",USD,0
199,EXR.D.USD.EUR.SP00.A,D,USD,EUR,SP00,A,2024-10-10,1.0932,A,F,,,P1D,,A,,,,,,,99Q1=100,,,4,,4F0,,US dollar/Euro,"ECB reference exchange rate, US dollar/Euro, 2.15 pm (C.E.T.)",USD,0
200,EXR.D.USD.EUR.SP00.A,D,USD,EUR,SP00,A,2024-10-11,1.0938,A,F,,,P1D,,A,,,,,,,99Q1=100,,,4,,4F0,,US dollar/Euro,"ECB reference exchange rate, US dollar/Euro, 2.15 pm (C.E.T.)",USD,0
201,EXR.D.USD.EUR.SP00.A,D,USD,EUR,SP00,A,2024-10-14,1.0915,A,F,,,P1D,,A,,,,,,,99Q1=100,,,4,,4F0,,US dollar/Euro,"ECB reference exchange rate, US dollar/Euro, 2.15 pm (C.E.T.)",USD,0
202,EXR.D.USD.EUR.SP00.A,D,USD,EUR,SP00,A,2024-10-15,1.0903,A,F,,,P1D,,A,,,,,,,99Q1=100,,,4,,4F0,,US dollar/Euro,"ECB reference exchange rate, US dollar/Euro, 2.15 pm (C.E.T.)",USD,0
203,EXR.D.USD.EUR.SP00.A,D,USD,EUR,SP00,A,2024-10-16,1.0897,A,F,,,P1D,,A,,,,,,,99Q1=100,,,4,,4F0,,US dollar/Euro,"ECB reference exchange rate, US dollar/Euro, 2.15 pm (C.E.T.)",USD,0
204,EXR.D.USD.EUR.SP00.A,D,USD,EUR,SP00,A,2024-10-17,1.0866,A,F,,,P1D,,A,,,,,,,99Q1=100,,,4,,4F0,,US dollar/Euro,"ECB reference exchange rate, US dollar/Euro, 2.15 pm (C.E.T.)",USD,0
205,EXR.D.USD.EUR.SP00.A,D,USD,EUR,SP00,A,2024-10-18,1.0847,A,F,,,P1D,,A,,,,,,,99Q1=100,,,4,,4F0,,US dollar/Euro,"ECB reference exchange rate, US dollar/Euro, 2.15 pm (C.E.T.)",USD,0
206,EXR.D.USD.EUR.SP00.A,D,USD,EUR,SP00,A,2024-10-21,1.0853,A,F,,,P1D,,A,,,,,,,99Q1=100,,,4,,4F0,,US dollar/Euro,"ECB reference exchange rate, US dollar/Euro, 2.15 pm (C.E.T.)",USD,0
207,EXR.D.USD.EUR.SP00.A,D,USD,EUR,SP00,A,2024-10-22,1.0821,A,F,,,P1D,,A,,,,,,,99Q1=100,,,4,,4F0,,US dollar/Euro,"ECB reference exchange rate, US dollar/Euro, 2.15 pm (C.E.T.)",USD,0
208,EXR.D.USD.EUR.SP00.A,D,USD,EUR,SP00,A,2024-10-23,1.0767,A,F,,,P1D,,A,,,,,,,99Q1=100,,,4,,4F0,,US dollar/Euro,"ECB reference exchange rate, US dollar/Euro, 2.15 pm (C.E.T.)",USD,0
209,EXR.D.USD.EUR.SP00.A,D,USD,EUR,SP00,A,2024-10-24,1.0801,A,F,,,P1D,,A,,,,,,,99Q1=100,,,4,,4F0,,US dollar/Euro,"ECB reference exchange rate, US dollar/Euro, 2.15 pm (C.E.T.)",USD,0
210,EXR.D.USD.EUR.SP00.A,D,USD,EUR,SP00,A,2024-10-25,1.0825,A,F,,,P1D,,A,,,,,,,99Q1=100,,,4,,4F0,,US dollar/Euro,"ECB reference exchange rate, US dollar/Euro, 2.15 pm (C.E.T.)",USD,0
211,EXR.D.USD.EUR.SP00.A,D,USD,EUR,SP00,A,2024-10-28,1.0818,A,F,,,P1D,,A,,,,,,,99Q1=100,,,4,,4F0,,US dollar/Euro,"ECB reference exchange rate, US dollar/Euro, 2.15 pm (C.E.T.)",USD,0
212,EXR.D.USD.EUR.SP00.A,D,USD,EUR,SP00,A,2024-10-29,1.0774,A,F,,,P1D,,A,,,,,,,99Q1=100,,,4,,4F0,,US dollar/Euro,"ECB reference exchange rate, US dollar/Euro, 2.15 pm (C.E.T.)",USD,0
213,EXR.D.USD.EUR.SP00.A,D,USD,EUR,SP00,A,2024-10-30,1.0815,A,F,,,P1D,,A,,,,,,,99Q1=100,,,4,,4F0,,US dollar/Euro,"ECB reference exchange rate, US dollar/Euro, 2.15 pm (C.E.T.)",USD,0
214,EXR.D.USD.EUR.SP00.A,D,USD,EUR,SP00,A,2024-10-31,1.0882,A,F,,,P1D,,A,,,,,,,99Q1=100,,,4,,4F0,,US dollar/Euro,"ECB reference exchange rate, US dollar/Euro, 2.15 pm (C.E.T.)",USD,0
215,EXR.D.USD.EUR.SP00.A,D,USD,EUR,SP00,A,2024-11-01,1.0885,A,F,,,P1D,,A,,,,,,,99Q1=100,,,4,,4F0,,US dollar/Euro,"ECB reference exchange rate, US dollar/Euro, 2.15 pm (C.E.T.)",USD,0
216,EXR.D.USD.EUR.SP00.A,D,USD,EUR,SP00,A,2024-11-04,1.0904,A,F,,,P1D,,A,,,,,,,99Q1=100,,,4,,4F0,,US dollar/Euro,"ECB reference exchange rate, US dollar/Euro, 2.15 pm (C.E.T.)",USD,0
217,EXR.D.USD.EUR.SP00.A,D,USD,EUR,SP00,A,2024-11-05,1.0897,A,F,,,P1D,,A,,,,,,,99Q1=100,,,4,,4F0,,US dollar/Euro,"ECB reference exchange rate, US dollar/Euro, 2.15 pm (C.E.T.)",USD,0
218,EXR.D.USD.EUR.SP00.A,D,USD,EUR,SP00,A,2024-11-06,1.0695,A,F,,,P1D,,A,,,,,,,99Q1=100,,,4,,4F0,,US dollar/Euro,"ECB reference exchange rate, US dollar/Euro, 2.15 pm (C.E.T.)",USD,0
219,EXR.D.USD.EUR.SP00.A,D,USD,EUR,SP00,A,2024-11-07,1.0785,A,F,,,P1D,,A,,,,,,,99Q1=100,,,4,,4F0,,US dollar/Euro,"ECB reference exchange rate, US dollar/Euro, 2.15 pm (C.E.T.)",USD,0
220,EXR.D.USD.EUR.SP00.A,D,USD,EUR,SP00,A,2024-11-08,1.0772,A,F,,,P1D,,A,,,,,,,99Q1=100,,,4,,4F0,,US dollar/Euro,"ECB reference exchange rate, US dollar/Euro, 2.15 pm (C.E.T.)",USD,0
221,EXR.D.USD.EUR.SP00.A,D,USD,EUR,SP00,A,2024-11-11,1.0651,A,F,,,P1D,,A,,,,,,,99Q1=100,,,4,,4F0,,US dollar/Euro,"ECB reference exchange rate, US dollar/Euro, 2.15 pm (C.E.T.)",USD,0
222,EXR.D.USD.EUR.SP00.A,D,USD,EUR,SP00,A,2024-11-12,1.0617,A,F,,,P1D,,A,,,,,,,99Q1=100,,,4,,4F0,,US dollar/Euro,"ECB reference exchange rate, US dollar/Euro, 2.15 pm (C.E.T.)",USD,0
223,EXR.D.USD.EUR.SP00.A,D,USD,EUR,SP00,A,2024-11-13,1.0629,A,F,,,P1D,,A,,,,,,,99Q1=100,,,4,,4F0,,US dollar/Euro,"ECB reference exchange rate, US dollar/Euro, 2.15 pm (C.E.T.)",USD,0
224,EXR.D.USD.EUR.SP00.A,D,USD,EUR,SP00,A,2024-11-14,1.0533,A,F,,,P1D,,A,,,,,,,99Q1=100,,,4,,4F0,,US dollar/Euro,"ECB reference exchange rate, US dollar/Euro, 2.15 pm (C.E.T.)",USD,0
225,EXR.D.USD.EUR.SP00.A,D,USD,EUR,SP00,A,2024-11-15,1.0583,A,F,,,P1D,,A,,,,,,,99Q1=100,,,4,,4F0,,US dollar/Euro,"ECB reference exchange rate, US dollar/Euro, 2.15 pm (C.E.T.)",USD,0
226,EXR.D.USD.EUR.SP00.A,D,USD,EUR,SP00,A,2024-11-18,1.0552,A,F,,,P1D,,A,,,,,,,99Q1=100,,,4,,4F0,,US dollar/Euro,"ECB reference exchange rate, US dollar/Euro, 2.15 pm (C.E.T.)",USD,0
227,EXR.D.USD.EUR.SP00.A,D,USD,EUR,SP00,A,2024-11-19,1.0578,A,F,,,P1D,,A,,,,,,,99Q1=100,,,4,,4F0,,US dollar/Euro,"ECB reference exchange rate, US dollar/Euro, 2.15 pm (C.E.T.)",USD,0
228,EXR.D.USD.EUR.SP00.A,D,USD,EUR,SP00,A,2024-11-20,1.0562,A,F,,,P1D,,A,,,,,,,99Q1=100,,,4,,4F0,,US dollar/Euro,"ECB reference exchange rate, US dollar/Euro, 2.15 pm (C.E.T.)",USD,0
229,EXR.D.USD.EUR.SP00.A,D,USD,EUR,SP00,A,2024-11-21,1.0526,A,F,,,P1D,,A,,,,,,,99Q1=100,,,4,,4F0,,US dollar/Euro,"ECB reference exchange rate, US dollar/Euro, 2.15 pm (C.E.T.)",USD,0
230,EXR.D.USD.EUR.SP00.A,D,USD,EUR,SP00,A,2024-11-22,1.0412,A,F,,,P1D,,A,,,,,,,99Q1=100,,,4,,4F0,,US dollar/Euro,"ECB reference exchange rate, US dollar/Euro, 2.15 pm (C.E.T.)",USD,0
231,EXR.D.USD.EUR.SP00.A,D,USD,EUR,SP00,A,2024-11-25,1.0495,A,F,,,P1D,,A,,,,,,,99Q1=100,,,4,,4F0,,US dollar/Euro,"ECB reference exchange rate, US dollar/Euro, 2.15 pm (C.E.T.)",USD,0
232,EXR.D.USD.EUR.SP00.A,D,USD,EUR,SP00,A,2024-11-26,1.0522,A,F,,,P1D,,A,,,,,,,99Q1=100,,,4,,4F0,,US dollar/Euro,"ECB reference exchange rate, US dollar/Euro, 2.15 pm (C.E.T.)",USD,0
233,EXR.D.USD.EUR.SP00.A,D,USD,EUR,SP00,A,2024-11-27,1.0531,A,F,,,P1D,,A,,,,,,,99Q1=100,,,4,,4F0,,US dollar/Euro,"ECB reference exchange rate, US dollar/Euro, 2.15 pm (C.E.T.)",USD,0
234,EXR.D.USD.EUR.SP00.A,D,USD,EUR,SP00,A,2024-11-28,1.0542,A,F,,,P1D,,A,,,,,,,99Q1=100,,,4,,4F0,,US dollar/Euro,"ECB reference exchange rate, US dollar/Euro, 2.15 pm (C.E.T.)",USD,0
235,EXR.D.USD.EUR.SP00.A,D,USD,EUR,SP00,A,2024-11-29,1.0562,A,F,,,P1D,,A,,,,,,,99Q1=100,,,4,,4F0,,US dollar/Euro,"ECB reference exchange rate, US dollar/Euro, 2.15 pm (C.E.T.)",USD,0
236,EXR.D.USD.EUR.SP00.A,D,USD,EUR,SP00,A,2024-12-02,1.0507,A,F,,,P1D,,A,,,,,,,99Q1=100,,,4,,4F0,,US dollar/Euro,"ECB reference exchange rate, US dollar/Euro, 2.15 pm (C.E.T.)",USD,0
237,EXR.D.USD.EUR.SP00.A,D,USD,EUR,SP00,A,2024-12-03,1.0512,A,F,,,P1D,,A,,,,,,,99Q1=100,,,4,,4F0,,US dollar/Euro,"ECB reference exchange rate, US dollar/Euro, 2.15 pm (C.E.T.)",USD,0
238,EXR.D.USD.EUR.SP00.A,D,USD,EUR,SP00,A,2024-12-04,1.0492,A,F,,,P1D,,A,,,,,,,99Q1=100,,,4,,4F0,,US dollar/Euro,"ECB reference exchange rate, US dollar/Euro, 2.15 pm (C.E.T.)",USD,0
239,EXR.D.USD.EUR.SP00.A,D,USD,EUR,SP00,A,2024-12-05,1.054,A,F,,,P1D,,A,,,,,,,99Q1=100,,,4,,4F0,,US dollar/Euro,"ECB reference exchange rate, US dollar/Euro, 2.15 pm (C.E.T.)",USD,0
240,EXR.D.USD.EUR.SP00.A,D,USD,EUR,SP00,A,2024-12-06,1.0581,A,F,,,P1D,,A,,,,,,,99Q1=100,,,4,,4F0,,US dollar/Euro,"ECB reference exchange rate, US dollar/Euro, 2.15 pm (C.E.T.)",USD,0
241,EXR.D.USD.EUR.SP00.A,D,USD,EUR,SP00,A,2024-12-09,1.0568,A,F,,,P1D,,A,,,,,,,99Q1=100,,,4,,4F0,,US dollar/Euro,"ECB reference exchange rate, US dollar/Euro, 2.15 pm (C.E.T.)",USD,0
242,EXR.D.USD.EUR.SP00.A,D,USD,EUR,SP00,A,2024-12-10,1.0527,A,F,,,P1D,,A,,,,,,,99Q1=100,,,4,,4F0,,US dollar/Euro,"ECB reference exchange rate, US dollar/Euro, 2.15 pm (C.E.T.)",USD,0
243,EXR.D.USD.EUR.SP00.A,D,USD,EUR,SP00,A,2024-12-11,1.0507,A,F,,,P1D,,A,,,,,,,99Q1=100,,,4,,4F0,,US dollar/Euro,"ECB reference exchange rate, US dollar/Euro, 2.15 pm (C.E.T.)",USD,0
244,EXR.D.USD.EUR.SP00.A,D,USD,EUR,SP00,A,2024-12-12,1.0491,A,F,,,P1D,,A,,,,,,,99Q1=100,,,4,,4F0,,US dollar/Euro,"ECB reference exchange rate, US dollar/Euro, 2.15 pm (C.E.T.)",USD,0
245,EXR.D.USD.EUR.SP00.A,D,USD,EUR,SP00,A,2024-12-13,1.0518,A,F,,,P1D,,A,,,,,,,99Q1=100,,,4,,4F0,,US dollar/Euro,"ECB reference exchange rate, US dollar/Euro, 2.15 pm (C.E.T.)",USD,0
246,EXR.D.USD.EUR.SP00.A,D,USD,EUR,SP00,A,2024-12-16,1.0498,A,F,,,P1D,,A,,,,,,,99Q1=100,,,4,,4F0,,US dollar/Euro,"ECB reference exchange rate, US dollar/Euro, 2.15 pm (C.E.T.)",USD,0
247,EXR.D.USD.EUR.SP00.A,D,USD,EUR,SP00,A,2024-12-17,1.0497,A,F,,,P1D,,A,,,,,,,99Q1=100,,,4,,4F0,,US dollar/Euro,"ECB reference exchange rate, US dollar/Euro, 2.15 pm (C.E.T.)",USD,0
248,EXR.D.USD.EUR.SP00.A,D,USD,EUR,SP00,A,2024-12-18,1.0496,A,F,,,P1D,,A,,,,,,,99Q1=100,,,4,,4F0,,US dollar/Euro,"ECB reference exchange rate, US dollar/Euro, 2.15 pm (C.E.T.)",USD,0
249,EXR.D.USD.EUR.SP00.A,D,USD,EUR,SP00,A,2024-12-19,1.0395,A,F,,,P1D,,A,,,,,,,99Q1=100,,,4,,4F0,,US dollar/Euro,"ECB reference exchange rate, US dollar/Euro, 2.15 pm (C.E.T.)",USD,0
250,EXR.D.USD.EUR.SP00.A,D,USD,EUR,SP00,A,2024-12-20,1.039,A,F,,,P1D,,A,,,,,,,99Q1=100,,,4,,4F0,,US dollar/Euro,"ECB reference exchange rate, US dollar/Euro, 2.15 pm (C.E.T.)",USD,0
251,EXR.D.USD.EUR.SP00.A,D,USD,EUR,SP00,A,2024-12-23,1.0393,A,F,,,P1D,,A,,,,,,,99Q1=100,,,4,,4F0,,US dollar/Euro,"ECB reference exchange rate, US dollar/Euro, 2.15 pm (C.E.T.)",USD,0
252,EXR.D.USD.EUR.SP00.A,D,USD,EUR,SP00,A,2024-12-24,1.0395,A,F,,,P1D,,A,,,,,,,99Q1=100,,,4,,4F0,,US dollar/Euro,"ECB reference exchange rate, US dollar/Euro, 2.15 pm (C.E.T.)",USD,0
253,EXR.D.USD.EUR.SP00.A,D,USD,EUR,SP00,A,2024-12-27,1.0435,A,F,,,P1D,,A,,,,,,,99Q1=100,,,4,,4F0,,US dollar/Euro,"ECB reference exchange rate, US dollar/Euro, 2.15 pm (C.E.T.)",USD,0
254,EXR.D.USD.EUR.SP00.A,D,USD,EUR,SP00,A,2024-12-30,1.0444,A,F,,,P1D,,A,,,,,,,99Q1=100,,,4,,4F0,,US dollar/Euro,"ECB reference exchange rate, US dollar/Euro, 2.15 pm (C.E.T.)",USD,0
255,EXR.D.USD.EUR.SP00.A,D,USD,EUR,SP00,A,2024-12-31,1.0389,A,F,,,P1D,,A,,,,,,,99Q1=100,,,4,,4F0,,US dollar/Euro,"ECB reference exchange rate, US dollar/Euro, 2.15 pm (C.E.T.)",USD,0
256,EXR.D.USD.EUR.SP00.A,D,USD,EUR,SP00,A,2025-01-02,1.0321,A,F,,,P1D,,A,,,,,,,99Q1=100,,,4,,4F0,,US dollar/Euro,"ECB reference exchange rate, US dollar/Euro, 2.15 pm (C.E.T.)",USD,0
257,EXR.D.USD.EUR.SP00.A,D,USD,EUR,SP00,A,2025-01-03,1.0299,A,F,,,P1D,,A,,,,,,,99Q1=100,,,4,,4F0,,US dollar/Euro,"ECB reference exchange rate, US dollar/Euro, 2.15 pm (C.E.T.)",USD,0
258,EXR.D.USD.EUR.SP00.A,D,USD,EUR,SP00,A,2025-01-06,1.0426,A,F,,,P1D,,A,,,,,,,99Q1=100,,,4,,4F0,,US dollar/Euro,"ECB reference exchange rate, US dollar/Euro, 2.15 pm (C.E.T.)",USD,0
259,EXR.D.USD.EUR.SP00.A,D,USD,EUR,SP00,A,2025-01-07,1.0393,A,F,,,P1D,,A,,,,,,,99Q1=100,,,4,,4F0,,US dollar/Euro,"ECB reference exchange rate, US dollar/Euro, 2.15 pm (C.E.T.)",USD,0
260,EXR.D.USD.EUR.SP00.A,D,USD,EUR,SP00,A,2025-01-08,1.0286,A,F,,,P1D,,A,,,,,,,99Q1=100,,,4,,4F0,,US dollar/Euro,"ECB reference exchange rate, US dollar/Euro, 2.15 pm (C.E.T.)",USD,0
261,EXR.D.USD.EUR.SP00.A,D,USD,EUR,SP00,A,2025-01-09,1.0305,A,F,,,P1D,,A,,,,,,,99Q1=100,,,4,,4F0,,US dollar/Euro,"ECB reference exchange rate, US dollar/Euro, 2.15 pm (C.E.T.)",USD,0
262,EXR.D.USD.EUR.SP00.A,D,USD,EUR,SP00,A,2025-01-10,1.0304,A,F,,,P1D,,A,,,,,,,99Q1=100,,,4,,4F0,,US dollar/Euro,"ECB reference exchange rate, US dollar/Euro, 2.15 pm (C.E.T.)",USD,0
263,EXR.D.USD.EUR.SP00.A,D,USD,EUR,SP00,A,2025-01-13,1.0198,A,F,,,P1D,,A,,,,,,,99Q1=100,,,4,,4F0,,US dollar/Euro,"ECB reference exchange rate, US dollar/Euro, 2.15 pm (C.E.T.)",USD,0
264,EXR.D.USD.EUR.SP00.A,D,USD,EUR,SP00,A,2025-01-14,1.0245,A,F,,,P1D,,A,,,,,,,99Q1=100,,,4,,4F0,,US dollar/Euro,"ECB reference exchange rate, US dollar/Euro, 2.15 pm (C.E.T.)",USD,0
265,EXR.D.USD.EUR.SP00.A,D,USD,EUR,SP00,A,2025-01-15,1.03,A,F,,,P1D,,A,,,,,,,99Q1=100,,,4,,4F0,,US dollar/Euro,"ECB reference exchange rate, US dollar/Euro, 2.15 pm (C.E.T.)",USD,0
266,EXR.D.USD.EUR.SP00.A,D,USD,EUR,SP00,A,2025-01-16,1.0272,A,F,,,P1D,,A,,,,,,,99Q1=100,,,4,,4F0,,US dollar/Euro,"ECB reference exchange rate, US dollar/Euro, 2.15 pm (C.E.T.)",USD,0
267,EXR.D.USD.EUR.SP00.A,D,USD,EUR,SP00,A,2025-01-17,1.0298,A,F,,,P1D,,A,,,,,,,99Q1=100,,,4,,4F0,,US dollar/Euro,"ECB reference exchange rate, US dollar/Euro, 2.15 pm (C.E.T.)",USD,0
268,EXR.D.USD.EUR.SP00.A,D,USD,EUR,SP00,A,2025-01-20,1.0316,A,F,,,P1D,,A,,,,,,,99Q1=100,,,4,,4F0,,US dollar/Euro,"ECB reference exchange rate, US dollar/Euro, 2.15 pm (C.E.T.)",USD,0
269,EXR.D.USD.EUR.SP00.A,D,USD,EUR,SP00,A,2025-01-21,1.0357,A,F,,,P1D,,A,,,,,,,99Q1=100,,,4,,4F0,,US dollar/Euro,"ECB reference exchange rate, US dollar/Euro, 2.15 pm (C.E.T.)",USD,0
270,EXR.D.USD.EUR.SP00.A,D,USD,EUR,SP00,A,2025-01-22,1.0443,A,F,,,P1D,,A,,,,,,,99Q1=100,,,4,,4F0,,US dollar/Euro,"ECB reference exchange rate, US dollar/Euro, 2.15 pm (C.E.T.)",USD,0
271,EXR.D.USD.EUR.SP00.A,D,USD,EUR,SP00,A,2025-01-23,1.0404,A,F,,,P1D,,A,,,,,,,99Q1=100,,,4,,4F0,,US dollar/Euro,"ECB reference exchange rate, US dollar/Euro, 2.15 pm (C.E.T.)",USD,0
272,EXR.D.USD.EUR.SP00.A,D,USD,EUR,SP00,A,2025-01-24,1.0472,A,F,,,P1D,,A,,,,,,,99Q1=100,,,4,,4F0,,US dollar/Euro,"ECB reference exchange rate, US dollar/Euro, 2.15 pm (C.E.T.)",USD,0
273,EXR.D.USD.EUR.SP00.A,D,USD,EUR,SP00,A,2025-01-27,1.053,A,F,,,P1D,,A,,,,,,,99Q1=100,,,4,,4F0,,US dollar/Euro,"ECB reference exchange rate, US dollar/Euro, 2.15 pm (C.E.T.)",USD,0
274,EXR.D.USD.EUR.SP00.A,D,USD,EUR,SP00,A,2025-01-28,1.0421,A,F,,,P1D,,A,,,,,,,99Q1=100,,,4,,4F0,,US dollar/Euro,"ECB reference exchange rate, US dollar/Euro, 2.15 pm (C.E.T.)",USD,0
275,EXR.D.USD.EUR.SP00.A,D,USD,EUR,SP00,A,2025-01-29,1.0396,A,F,,,P1D,,A,,,,,,,99Q1=100,,,4,,4F0,,US dollar/Euro,"ECB reference exchange rate, US dollar/Euro, 2.15 pm (C.E.T.)",USD,0
276,EXR.D.USD.EUR.SP00.A,D,USD,EUR,SP00,A,2025-01-30,1.0403,A,F,,,P1D,,A,,,,,,,99Q1=100,,,4,,4F0,,US dollar/Euro,"ECB reference exchange rate, US dollar/Euro, 2.15 pm (C.E.T.)",USD,0
277,EXR.D.USD.EUR.SP00.A,D,USD,EUR,SP00,A,2025-01-31,1.0393,A,F,,,P1D,,A,,,,,,,99Q1=100,,,4,,4F0,,US dollar/Euro,"ECB reference exchange rate, US dollar/Euro, 2.15 pm (C.E.T.)",USD,0
278,EXR.D.USD.EUR.SP00.A,D,USD,EUR,SP00,A,2025-02-03,1.0274,A,F,,,P1D,,A,,,,,,,99Q1=100,,,4,,4F0,,US dollar/Euro,"ECB reference exchange rate, US dollar/Euro, 2.15 pm (C.E.T.)",USD,0
279,EXR.D.USD.EUR.SP00.A,D,USD,EUR,SP00,A,2025-02-04,1.0335,A,F,,,P1D,,A,,,,,,,99Q1=100,,,4,,4F0,,US dollar/Euro,"ECB reference exchange rate, US dollar/Euro, 2.15 pm (C.E.T.)",USD,0
280,EXR.D.USD.EUR.SP00.A,D,USD,EUR,SP00,A,2025-02-05,1.0422,A,F,,,P1D,,A,,,,,,,99Q1=100,,,4,,4F0,,US dollar/Euro,"ECB reference exchange rate, US dollar/Euro, 2.15 pm (C.E.T.)",USD,0
281,EXR.D.USD.EUR.SP00.A,D,USD,EUR,SP00,A,2025-02-06,1.036,A,F,,,P1D,,A,,,,,,,99Q1=100,,,4,,4F0,,US dollar/Euro,"ECB reference exchange rate, US dollar/Euro, 2.15 pm (C.E.T.)",USD,0
282,EXR.D.USD.EUR.SP00.A,D,USD,EUR,SP00,A,2025-02-07,1.0377,A,F,,,P1D,,A,,,,,,,99Q1=100,,,4,,4F0,,US dollar/Euro,"ECB reference exchange rate, US dollar/Euro, 2.15 pm (C.E.T.)",USD,0
283,EXR.D.USD.EUR.SP00.A,D,USD,EUR,SP00,A,2025-02-10,1.032,A,F,,,P1D,,A,,,,,,,99Q1=100,,,4,,4F0,,US dollar/Euro,"ECB reference exchange rate, US dollar/Euro, 2.15 pm (C.E.T.)",USD,0
284,EXR.D.USD.EUR.SP00.A,D,USD,EUR,SP00,A,2025-02-11,1.0324,A,F,,,P1D,,A,,,,,,,99Q1=100,,,4,,4F0,,US dollar/Euro,"ECB reference exchange rate, US dollar/Euro, 2.15 pm (C.E.T.)",USD,0
285,EXR.D.USD.EUR.SP00.A,D,USD,EUR,SP00,A,2025-02-12,1.037,A,F,,,P1D,,A,,,,,,,99Q1=100,,,4,,4F0,,US dollar/Euro,"ECB reference exchange rate, US dollar/Euro, 2.15 pm (C.E.T.)",USD,0
286,EXR.D.USD.EUR.SP00.A,D,USD,EUR,SP00,A,2025-02-13,1.039,A,F,,,P1D,,A,,,,,,,99Q1=100,,,4,,4F0,,US dollar/Euro,"ECB reference exchange rate, US dollar/Euro, 2.15 pm (C.E.T.)",USD,0
287,EXR.D.USD.EUR.SP00.A,D,USD,EUR,SP00,A,2025-02-14,1.0478,A,F,,,P1D,,A,,,,,,,99Q1=100,,,4,,4F0,,US dollar/Euro,"ECB reference exchange rate, US dollar/Euro, 2.15 pm (C.E.T.)",USD,0
288,EXR.D.USD.EUR.SP00.A,D,USD,EUR,SP00,A,2025-02-17,1.0473,A,F,,,P1D,,A,,,,,,,99Q1=100,,,4,,4F0,,US dollar/Euro,"ECB reference exchange rate, US dollar/Euro, 2.15 pm (C.E.T.)",USD,0
289,EXR.D.USD.EUR.SP00.A,D,USD,EUR,SP00,A,2025-02-18,1.0447,A,F,,,P1D,,A,,,,,,,99Q1=100,,,4,,4F0,,US dollar/Euro,"ECB reference exchange rate, US dollar/Euro, 2.15 pm (C.E.T.)",USD,0
290,EXR.D.USD.EUR.SP00.A,D,USD,EUR,SP00,A,2025-02-19,1.0434,A,F,,,P1D,,A,,,,,,,99Q1=100,,,4,,4F0,,US dollar/Euro,"ECB reference exchange rate, US dollar/Euro, 2.15 pm (C.E.T.)",USD,0
291,EXR.D.USD.EUR.SP00.A,D,USD,EUR,SP00,A,2025-02-20,1.0443,A,F,,,P1D,,A,,,,,,,99Q1=100,,,4,,4F0,,US dollar/Euro,"ECB reference exchange rate, US dollar/Euro, 2.15 pm (C.E.T.)",USD,0
292,EXR.D.USD.EUR.SP00.A,D,USD,EUR,SP00,A,2025-02-21,1.0465,A,F,,,P1D,,A,,,,,,,99Q1=100,,,4,,4F0,,US dollar/Euro,"ECB reference exchange rate, US dollar/Euro, 2.15 pm (C.E.T.)",USD,0
293,EXR.D.USD.EUR.SP00.A,D,USD,EUR,SP00,A,2025-02-24,1.0466,A,F,,,P1D,,A,,,,,,,99Q1=100,,,4,,4F0,,US dollar/Euro,"ECB reference exchange rate, US dollar/Euro, 2.15 pm (C.E.T.)",USD,0
294,EXR.D.USD.EUR.SP00.A,D,USD,EUR,SP00,A,2025-02-25,1.0497,A,F,,,P1D,,A,,,,,,,99Q1=100,,,4,,4F0,,US dollar/Euro,"ECB reference exchange rate, US dollar/Euro, 2.15 pm (C.E.T.)",USD,0
295,EXR.D.USD.EUR.SP00.A,D,USD,EUR,SP00,A,2025-02-26,1.0487,A,F,,,P1D,,A,,,,,,,99Q1=100,,,4,,4F0,,US dollar/Euro,"ECB reference exchange rate, US dollar/Euro, 2.15 pm (C.E.T.)",USD,0
296,EXR.D.USD.EUR.SP00.A,D,USD,EUR,SP00,A,2025-02-27,1.0477,A,F,,,P1D,,A,,,,,,,99Q1=100,,,4,,4F0,,US dollar/Euro,"ECB reference exchange rate, US dollar/Euro, 2.15 pm (C.E.T.)",USD,0
297,EXR.D.USD.EUR.SP00.A,D,USD,EUR,SP00,A,2025-02-28,1.0411,A,F,,,P1D,,A,,,,,,,99Q1=100,,,4,,4F0,,US dollar/Euro,"ECB reference exchange rate, US dollar/Euro, 2.15 pm (C.E.T.)",USD,0
298,EXR.D.USD.EUR.SP00.A,D,USD,EUR,SP00,A,2025-03-03,1.0465,A,F,,,P1D,,A,,,,,,,99Q1=100,,,4,,4F0,,US dollar/Euro,"ECB reference exchange rate, US dollar/Euro, 2.15 pm (C.E.T.)",USD,0
299,EXR.D.USD.EUR.SP00.A,D,USD,EUR,SP00,A,2025-03-04,1.0557,A,F,,,P1D,,A,,,,,,,99Q1=100,,,4,,4F0,,US dollar/Euro,"ECB reference exchange rate, US dollar/Euro, 2.15 pm (C.E.T.)",USD,0
300,EXR.D.USD.EUR.SP00.A,D,USD,EUR,SP00,A,2025-03-05,1.0694,A,F,,,P1D,,A,,,,,,,99Q1=100,,,4,,4F0,,US dollar/Euro,"ECB reference exchange rate, US dollar/Euro, 2.15 pm (C.E.T.)",USD,0
301,EXR.D.USD.EUR.SP00.A,D,USD,EUR,SP00,A,2025-03-06,1.0796,A,F,,,P1D,,A,,,,,,,99Q1=100,,,4,,4F0,,US dollar/Euro,"ECB reference exchange rate, US dollar/Euro, 2.15 pm (C.E.T.)",USD,0
302,EXR.D.USD.EUR.SP00.A,D,USD,EUR,SP00,A,2025-03-07,1.0857,A,F,,,P1D,,A,,,,,,,99Q1=100,,,4,,4F0,,US dollar/Euro,"ECB reference exchange rate, US dollar/Euro, 2.15 pm (C.E.T.)",USD,0
303,EXR.D.USD.EUR.SP00.A,D,USD,EUR,SP00,A,2025-03-10,1.0845,A,F,,,P1D,,A,,,,,,,99Q1=100,,,4,,4F0,,US dollar/Euro,"ECB reference exchange rate, US dollar/Euro, 2.15 pm (C.E.T.)",USD,0
304,EXR.D.USD.EUR.SP00.A,D,USD,EUR,SP00,A,2025-03-11,1.0912,A,F,,,P1D,,A,,,,,,,99Q1=100,,,4,,4F0,,US dollar/Euro,"ECB reference exchange rate, US dollar/Euro, 2.15 pm (C.E.T.)",USD,0
305,EXR.D.USD.EUR.SP00.A,D,USD,EUR,SP00,A,2025-03-12,1.0886,A,F,,,P1D,,A,,,,,,,99Q1=100,,,4,,4F0,,US dollar/Euro,"ECB reference exchange rate, US dollar/Euro, 2.15 pm (C.E.T.)",USD,0
306,EXR.D.USD.EUR.SP00.A,D,USD,EUR,SP00,A,2025-03-13,1.083,A,F,,,P1D,,A,,,,,,,99Q1=100,,,4,,4F0,,US dollar/Euro,"ECB reference exchange rate, US dollar/Euro, 2.15 pm (C.E.T.)",USD,0
307,EXR.D.USD.EUR.SP00.A,D,USD,EUR,SP00,A,2025-03-14,1.0889,A,F,,,P1D,,A,,,,,,,99Q1=100,,,4,,4F0,,US dollar/Euro,"ECB reference exchange rate, US dollar/Euro, 2.15 pm (C.E.T.)",USD,0
308,EXR.D.USD.EUR.SP00.A,D,USD,EUR,SP00,A,2025-03-17,1.0903,A,F,,,P1D,,A,,,,,,,99Q1=100,,,4,,4F0,,US dollar/Euro,"ECB reference exchange rate, US dollar/Euro, 2.15 pm (C.E.T.)",USD,0
309,EXR.D.USD.EUR.SP00.A,D,USD,EUR,SP00,A,2025-03-18,1.0918,A,F,,,P1D,,A,,,,,,,99Q1=100,,,4,,4F0,,US dollar/Euro,"ECB reference exchange rate, US dollar/Euro, 2.15 pm (C.E.T.)",USD,0
310,EXR.D.USD.EUR.SP00.A,D,USD,EUR,SP00,A,2025-03-19,1.0897,A,F,,,P1D,,A,,,,,,,99Q1=100,,,4,,4F0,,US dollar/Euro,"ECB reference exchange rate, US dollar/Euro, 2.15 pm (C.E.T.)",USD,0
311,EXR.D.USD.EUR.SP00.A,D,USD,EUR,SP00,A,2025-03-20,1.0833,A,F,,,P1D,,A,,,,,,,99Q1=100,,,4,,4F0,,US dollar/Euro,"ECB reference exchange rate, US dollar/Euro, 2.15 pm (C.E.T.)",USD,0
312,EXR.D.USD.EUR.SP00.A,D,USD,EUR,SP00,A,2025-03-21,1.0827,A,F,,,P1D,,A,,,,,,,99Q1=100,,,4,,4F0,,US dollar/Euro,"ECB reference exchange rate, US dollar/Euro, 2.15 pm (C.E.T.)",USD,0
313,EXR.D.USD.EUR.SP00.A,D,USD,EUR,SP00,A,2025-03-24,1.0824,A,F,,,P1D,,A,,,,,,,99Q1=100,,,4,,4F0,,US dollar/Euro,"ECB reference exchange rate, US dollar/Euro, 2.15 pm (C.E.T.)",USD,0
314,EXR.D.USD.EUR.SP00.A,D,USD,EUR,SP00,A,2025-03-25,1.0825,A,F,,,P1D,,A,,,,,,,99Q1=100,,,4,,4F0,,US dollar/Euro,"ECB reference exchange rate, US dollar/Euro, 2.15 pm (C.E.T.)",USD,0
315,EXR.D.USD.EUR.SP00.A,D,USD,EUR,SP00,A,2025-03-26,1.0788,A,F,,,P1D,,A,,,,,,,99Q1=100,,,4,,4F0,,US dollar/Euro,"ECB reference exchange rate, US dollar/Euro, 2.15 pm (C.E.T.)",USD,0
316,EXR.D.USD.EUR.SP00.A,D,USD,EUR,SP00,A,2025-03-27,1.0785,A,F,,,P1D,,A,,,,,,,99Q1=100,,,4,,4F0,,US dollar/Euro,"ECB reference exchange rate, US dollar/Euro, 2.15 pm (C.E.T.)",USD,0
317,EXR.D.USD.EUR.SP00.A,D,USD,EUR,SP00,A,2025-03-28,1.0797,A,F,,,P1D,,A,,,,,,,99Q1=100,,,4,,4F0,,US dollar/Euro,"ECB reference exchange rate, US dollar/Euro, 2.15 pm (C.E.T.)",USD,0
318,EXR.D.USD.EUR.SP00.A,D,USD,EUR,SP00,A,2025-03-31,1.0815,A,F,,,P1D,,A,,,,,,,99Q1=100,,,4,,4F0,,US dollar/Euro,"ECB reference exchange rate, US dollar/Euro, 2.15 pm (C.E.T.)",USD,0
319,EXR.D.USD.EUR.SP00.A,D,USD,EUR,SP00,A,2025-04-01,1.0788,A,F,,,P1D,,A,,,,,,,99Q1=100,,,4,,4F0,,US dollar/Euro,"ECB reference exchange rate, US dollar/Euro, 2.15 pm (C.E.T.)",USD,0
320,EXR.D.USD.EUR.SP00.A,D,USD,EUR,SP00,A,2025-04-02,1.0803,A,F,,,P1D,,A,,,,,,,99Q1=100,,,4,,4F0,,US dollar/Euro,"ECB reference exchange rate, US dollar/Euro, 2.15 pm (C.E.T.)",USD,0
321,EXR.D.USD.EUR.SP00.A,D,USD,EUR,SP00,A,2025-04-03,1.1097,A,F,,,P1D,,A,,,,,,,99Q1=100,,,4,,4F0,,US dollar/Euro,"ECB reference exchange rate, US dollar/Euro, 2.15 pm (C.E.T.)",USD,0
322,EXR.D.USD.EUR.SP00.A,D,USD,EUR,SP00,A,2025-04-04,1.1057,A,F,,,P1D,,A,,,,,,,99Q1=100,,,4,,4F0,,US dollar/Euro,"ECB reference exchange rate, US dollar/Euro, 2.15 pm (C.E.T.)",USD,0
323,EXR.D.USD.EUR.SP00.A,D,USD,EUR,SP00,A,2025-04-07,1.0967,A,F,,,P1D,,A,,,,,,,99Q1=100,,,4,,4F0,,US dollar/Euro,"ECB reference exchange rate, US dollar/Euro, 2.15 pm (C.E.T.)",USD,0
324,EXR.D.USD.EUR.SP00.A,D,USD,EUR,SP00,A,2025-04-08,1.095,A,F,,,P1D,,A,,,,,,,99Q1=100,,,4,,4F0,,US dollar/Euro,"ECB reference exchange rate, US dollar/Euro, 2.15 pm (C.E.T.)",USD,0
325,EXR.D.USD.EUR.SP00.A,D,USD,EUR,SP00,A,2025-04-09,1.1045,A,F,,,P1D,,A,,,,,,,99Q1=100,,,4,,4F0,,US dollar/Euro,"ECB reference exchange rate, US dollar/Euro, 2.15 pm (C.E.T.)",USD,0
326,EXR.D.USD.EUR.SP00.A,D,USD,EUR,SP00,A,2025-04-10,1.1082,A,F,,,P1D,,A,,,,,,,99Q1=100,,,4,,4F0,,US dollar/Euro,"ECB reference exchange rate, US dollar/Euro, 2.15 pm (C.E.T.)",USD,0
327,EXR.D.USD.EUR.SP00.A,D,USD,EUR,SP00,A,2025-04-11,1.1346,A,F,,,P1D,,A,,,,,,,99Q1=100,,,4,,4F0,,US dollar/Euro,"ECB reference exchange rate, US dollar/Euro, 2.15 pm (C.E.T.)",USD,0
328,EXR.D.USD.EUR.SP00.A,D,USD,EUR,SP00,A,2025-04-14,1.1377,A,F,,,P1D,,A,,,,,,,99Q1=100,,,4,,4F0,,US dollar/Euro,"ECB reference exchange rate, US dollar/Euro, 2.15 pm (C.E.T.)",USD,0
329,EXR.D.USD.EUR.SP00.A,D,USD,EUR,SP00,A,2025-04-15,1.1324,A,F,,,P1D,,A,,,,,,,99Q1=100,,,4,,4F0,,US dollar/Euro,"ECB reference exchange rate, US dollar/Euro, 2.15 pm (C.E.T.)",USD,0
330,EXR.D.USD.EUR.SP00.A,D,USD,EUR,SP00,A,2025-04-16,1.1355,A,F,,,P1D,,A,,,,,,,99Q1=100,,,4,,4F0,,US dollar/Euro,"ECB reference exchange rate, US dollar/Euro, 2.15 pm (C.E.T.)",USD,0
331,EXR.D.USD.EUR.SP00.A,D,USD,EUR,SP00,A,2025-04-17,1.136,A,F,,,P1D,,A,,,,,,,99Q1=100,,,4,,4F0,,US dollar/Euro,"ECB reference exchange rate, US dollar/Euro, 2.15 pm (C.E.T.)",USD,0
332,EXR.D.USD.EUR.SP00.A,D,USD,EUR,SP00,A,2025-04-22,1.1476,A,F,,,P1D,,A,,,,,,,99Q1=100,,,4,,4F0,,US dollar/Euro,"ECB reference exchange rate, US dollar/Euro, 2.15 pm (C.E.T.)",USD,0
333,EXR.D.USD.EUR.SP00.A,D,USD,EUR,SP00,A,2025-04-23,1.1415,A,F,,,P1D,,A,,,,,,,99Q1=100,,,4,,4F0,,US dollar/Euro,"ECB reference exchange rate, US dollar/Euro, 2.15 pm (C.E.T.)",USD,0
334,EXR.D.USD.EUR.SP00.A,D,USD,EUR,SP00,A,2025-04-24,1.1376,A,F,,,P1D,,A,,,,,,,99Q1=100,,,4,,4F0,,US dollar/Euro,"ECB reference exchange rate, US dollar/Euro, 2.15 pm (C.E.T.)",USD,0
335,EXR.D.USD.EUR.SP00.A,D,USD,EUR,SP00,A,2025-04-25,1.1357,A,F,,,P1D,,A,,,,,,,99Q1=100,,,4,,4F0,,US dollar/Euro,"ECB reference exchange rate, US dollar/Euro, 2.15 pm (C.E.T.)",USD,0
336,EXR.D.USD.EUR.SP00.A,D,USD,EUR,SP00,A,2025-04-28,1.1358,A,F,,,P1D,,A,,,,,,,99Q1=100,,,4,,4F0,,US dollar/Euro,"ECB reference exchange rate, US dollar/Euro, 2.15 pm (C.E.T.)",USD,0
337,EXR.D.USD.EUR.SP00.A,D,USD,EUR,SP00,A,2025-04-29,1.1373,A,F,,,P1D,,A,,,,,,,99Q1=100,,,4,,4F0,,US dollar/Euro,"ECB reference exchange rate, US dollar/Euro, 2.15 pm (C.E.T.)",USD,0
338,EXR.D.USD.EUR.SP00.A,D,USD,EUR,SP00,A,2025-04-30,1.1373,A,F,,,P1D,,A,,,,,,,99Q1=100,,,4,,4F0,,US dollar/Euro,"ECB reference exchange rate, US dollar/Euro, 2.15 pm (C.E.T.)",USD,0
339,EXR.D.USD.EUR.SP00.A,D,USD,EUR,SP00,A,2025-05-02,1.1343,A,F,,,P1D,,A,,,,,,,99Q1=100,,,4,,4F0,,US dollar/Euro,"ECB reference exchange rate, US dollar/Euro, 2.15 pm (C.E.T.)",USD,0
340,EXR.D.USD.EUR.SP00.A,D,USD,EUR,SP00,A,2025-05-05,1.1343,A,F,,,P1D,,A,,,,,,,99Q1=100,,,4,,4F0,,US dollar/Euro,"ECB reference exchange rate, US dollar/Euro, 2.15 pm (C.E.T.)",USD,0
341,EXR.D.USD.EUR.SP00.A,D,USD,EUR,SP00,A,2025-05-06,1.1325,A,F,,,P1D,,A,,,,,,,99Q1=100,,,4,,4F0,,US dollar/Euro,"ECB reference exchange rate, US dollar/Euro, 2.15 pm (C.E.T.)",USD,0
342,EXR.D.USD.EUR.SP00.A,D,USD,EUR,SP00,A,2025-05-07,1.136,A,F,,,P1D,,A,,,,,,,99Q1=100,,,4,,4F0,,US dollar/Euro,"ECB reference exchange rate, US dollar/Euro, 2.15 pm (C.E.T.)",USD,0
343,EXR.D.USD.EUR.SP00.A,D,USD,EUR,SP00,A,2025-05-08,1.1297,A,F,,,P1D,,A,,,,,,,99Q1=100,,,4,,4F0,,US dollar/Euro,"ECB reference exchange rate, US dollar/Euro, 2.15 pm (C.E.T.)",USD,0
344,EXR.D.USD.EUR.SP00.A,D,USD,EUR,SP00,A,2025-05-09,1.1252,A,F,,,P1D,,A,,,,,,,99Q1=100,,,4,,4F0,,US dollar/Euro,"ECB reference exchange rate, US dollar/Euro, 2.15 pm (C.E.T.)",USD,0
345,EXR.D.USD.EUR.SP00.A,D,USD,EUR,SP00,A,2025-05-12,1.1106,A,F,,,P1D,,A,,,,,,,99Q1=100,,,4,,4F0,,US dollar/Euro,"ECB reference exchange rate, US dollar/Euro, 2.15 pm (C.E.T.)",USD,0
346,EXR.D.USD.EUR.SP00.A,D,USD,EUR,SP00,A,2025-05-13,1.1112,A,F,,,P1D,,A,,,,,,,99Q1=100,,,4,,4F0,,US dollar/Euro,"ECB reference exchange rate, US dollar/Euro, 2.15 pm (C.E.T.)",USD,0
347,EXR.D.USD.EUR.SP00.A,D,USD,EUR,SP00,A,2025-05-14,1.1214,A,F,,,P1D,,A,,,,,,,99Q1=100,,,4,,4F0,,US dollar/Euro,"ECB reference exchange rate, US dollar/Euro, 2.15 pm (C.E.T.)",USD,0
348,EXR.D.USD.EUR.SP00.A,D,USD,EUR,SP00,A,2025-05-15,1.1185,A,F,,,P1D,,A,,,,,,,99Q1=100,,,4,,4F0,,US dollar/Euro,"ECB reference exchange rate, US dollar/Euro, 2.15 pm (C.E.T.)",USD,0
349,EXR.D.USD.EUR.SP00.A,D,USD,EUR,SP00,A,2025-05-16,1.1194,A,F,,,P1D,,A,,,,,,,99Q1=100,,,4,,4F0,,US dollar/Euro,"ECB reference exchange rate, US dollar/Euro, 2.15 pm (C.E.T.)",USD,0
350,EXR.D.USD.EUR.SP00.A,D,USD,EUR,SP00,A,2025-05-19,1.1262,A,F,,,P1D,,A,,,,,,,99Q1=100,,,4,,4F0,,US dollar/Euro,"ECB reference exchange rate, US dollar/Euro, 2.15 pm (C.E.T.)",USD,0
351,EXR.D.USD.EUR.SP00.A,D,USD,EUR,SP00,A,2025-05-20,1.1241,A,F,,,P1D,,A,,,,,,,99Q1=100,,,4,,4F0,,US dollar/Euro,"ECB reference exchange rate, US dollar/Euro, 2.15 pm (C.E.T.)",USD,0
352,EXR.D.USD.EUR.SP00.A,D,USD,EUR,SP00,A,2025-05-21,1.1321,A,F,,,P1D,,A,,,,,,,99Q1=100,,,4,,4F0,,US dollar/Euro,"ECB reference exchange rate, US dollar/Euro, 2.15 pm (C.E.T.)",USD,0
353,EXR.D.USD.EUR.SP00.A,D,USD,EUR,SP00,A,2025-05-22,1.1309,A,F,,,P1D,,A,,,,,,,99Q1=100,,,4,,4F0,,US dollar/Euro,"ECB reference exchange rate, US dollar/Euro, 2.15 pm (C.E.T.)",USD,0
354,EXR.D.USD.EUR.SP00.A,D,USD,EUR,SP00,A,2025-05-23,1.1301,A,F,,,P1D,,A,,,,,,,99Q1=100,,,4,,4F0,,US dollar/Euro,"ECB reference exchange rate, US dollar/Euro, 2.15 pm (C.E.T.)",USD,0
355,EXR.D.USD.EUR.SP00.A,D,USD,EUR,SP00,A,2025-05-26,1.1381,A,F,,,P1D,,A,,,,,,,99Q1=100,,,4,,4F0,,US dollar/Euro,"ECB reference exchange rate, US dollar/Euro, 2.15 pm (C.E.T.)",USD,0
356,EXR.D.USD.EUR.SP00.A,D,USD,EUR,SP00,A,2025-05-27,1.1356,A,F,,,P1D,,A,,,,,,,99Q1=100,,,4,,4F0,,US dollar/Euro,"ECB reference exchange rate, US dollar/Euro, 2.15 pm (C.E.T.)",USD,0
357,EXR.D.USD.EUR.SP00.A,D,USD,EUR,SP00,A,2025-05-28,1.1317,A,F,,,P1D,,A,,,,,,,99Q1=100,,,4,,4F0,,US dollar/Euro,"ECB reference exchange rate, US dollar/Euro, 2.15 pm (C.E.T.)",USD,0
358,EXR.D.USD.EUR.SP00.A,D,USD,EUR,SP00,A,2025-05-29,1.1281,A,F,,,P1D,,A,,,,,,,99Q1=100,,,4,,4F0,,US dollar/Euro,"ECB reference exchange rate, US dollar/Euro, 2.15 pm (C.E.T.)",USD,0
359,EXR.D.USD.EUR.SP00.A,D,USD,EUR,SP00,A,2025-05-30,1.1339,A,F,,,P1D,,A,,,,,,,99Q1=100,,,4,,4F0,,US dollar/Euro,"ECB reference exchange rate, US dollar/Euro, 2.15 pm (C.E.T.)",USD,0
360,EXR.D.USD.EUR.SP00.A,D,USD,EUR,SP00,A,2025-06-02,1.1419,A,F,,,P1D,,A,,,,,,,99Q1=100,,,4,,4F0,,US dollar/Euro,"ECB reference exchange rate, US dollar/Euro, 2.15 pm (C.E.T.)",USD,0
361,EXR.D.USD.EUR.SP00.A,D,USD,EUR,SP00,A,2025-06-03,1.1386,A,F,,,P1D,,A,,,,,,,99Q1=100,,,4,,4F0,,US dollar/Euro,"ECB reference exchange rate, US dollar/Euro, 2.15 pm (C.E.T.)",USD,0
362,EXR.D.USD.EUR.SP00.A,D,USD,EUR,SP00,A,2025-06-04,1.1384,A,F,,,P1D,,A,,,,,,,99Q1=100,,,4,,4F0,,US dollar/Euro,"ECB reference exchange rate, US dollar/Euro, 2.15 pm (C.E.T.)",USD,0
363,EXR.D.USD.EUR.SP00.A,D,USD,EUR,SP00,A,2025-06-05,1.1423,A,F,,,P1D,,A,,,,,,,99Q1=100,,,4,,4F0,,US dollar/Euro,"ECB reference exchange rate, US dollar/Euro, 2.15 pm (C.E.T.)",USD,0
364,EXR.D.USD.EUR.SP00.A,D,USD,EUR,SP00,A,2025-06-06,1.1411,A,F,,,P1D,,A,,,,,,,99Q1=100,,,4,,4F0,,US dollar/Euro,"ECB reference exchange rate, US dollar/Euro, 2.15 pm (C.E.T.)",USD,0
365,EXR.D.USD.EUR.SP00.A,D,USD,EUR,SP00,A,2025-06-09,1.141,A,F,,,P1D,,A,,,,,,,99Q1=100,,,4,,4F0,,US dollar/Euro,"ECB reference exchange rate, US dollar/Euro, 2.15 pm (C.E.T.)",USD,0
366,EXR.D.USD.EUR.SP00.A,D,USD,EUR,SP00,A,2025-06-10,1.1429,A,F,,,P1D,,A,,,,,,,99Q1=100,,,4,,4F0,,US dollar/Euro,"ECB reference exchange rate, US dollar/Euro, 2.15 pm (C.E.T.)",USD,0
367,EXR.D.USD.EUR.SP00.A,D,USD,EUR,SP00,A,2025-06-11,1.1433,A,F,,,P1D,,A,,,,,,,99Q1=100,,,4,,4F0,,US dollar/Euro,"ECB reference exchange rate, US dollar/Euro, 2.15 pm (C.E.T.)",USD,0
368,EXR.D.USD.EUR.SP00.A,D,USD,EUR,SP00,A,2025-06-12,1.1594,A,F,,,P1D,,A,,,,,,,99Q1=100,,,4,,4F0,,US dollar/Euro,"ECB reference exchange rate, US dollar/Euro, 2.15 pm (C.E.T.)",USD,0
369,EXR.D.USD.EUR.SP00.A,D,USD,EUR,SP00,A,2025-06-13,1.1512,A,F,,,P1D,,A,,,,,,,99Q1=100,,,4,,4F0,,US dollar/Euro,"ECB reference exchange rate, US dollar/Euro, 2.15 pm (C.E.T.)",USD,0
370,EXR.D.USD.EUR.SP00.A,D,USD,EUR,SP00,A,2025-06-16,1.1574,A,F,,,P1D,,A,,,,,,,99Q1=100,,,4,,4F0,,US dollar/Euro,"ECB reference exchange rate, US dollar/Euro, 2.15 pm (C.E.T.)",USD,0
371,EXR.D.USD.EUR.SP00.A,D,USD,EUR,SP00,A,2025-06-17,1.1568,A,F,,,P1D,,A,,,,,,,99Q1=100,,,4,,4F0,,US dollar/Euro,"ECB reference exchange rate, US dollar/Euro, 2.15 pm (C.E.T.)",USD,0
372,EXR.D.USD.EUR.SP00.A,D,USD,EUR,SP00,A,2025-06-18,1.1508,A,F,,,P1D,,A,,,,,,,99Q1=100,,,4,,4F0,,US dollar/Euro,"ECB reference exchange rate, US dollar/Euro, 2.15 pm (C.E.T.)",USD,0
373,EXR.D.USD.EUR.SP00.A,D,USD,EUR,SP00,A,2025-06-19,1.1478,A,F,,,P1D,,A,,,,,,,99Q1=100,,,4,,4F0,,US dollar/Euro,"ECB reference exchange rate, US dollar/Euro, 2.15 pm (C.E.T.)",USD,0
374,EXR.D.USD.EUR.SP00.A,D,USD,EUR,SP00,A,2025-06-20,1.1515,A,F,,,P1D,,A,,,,,,,99Q1=100,,,4,,4F0,,US dollar/Euro,"ECB reference exchange rate, US dollar/Euro, 2.15 pm (C.E.T.)",USD,0
375,EXR.D.USD.EUR.SP00.A,D,USD,EUR,SP00,A,2025-06-23,1.1472,A,F,,,P1D,,A,,,,,,,99Q1=100,,,4,,4F0,,US dollar/Euro,"ECB reference exchange rate, US dollar/Euro, 2.15 pm (C.E.T.)",USD,0
376,EXR.D.USD.EUR.SP00.A,D,USD,EUR,SP00,A,2025-06-24,1.1607,A,F,,,P1D,,A,,,,,,,99Q1=100,,,4,,4F0,,US dollar/Euro,"ECB reference exchange rate, US dollar/Euro, 2.15 pm (C.E.T.)",USD,0
377,EXR.D.USD.EUR.SP00.A,D,USD,EUR,SP00,A,2025-06-25,1.1598,A,F,,,P1D,,A,,,,,,,99Q1=100,,,4,,4F0,,US dollar/Euro,"ECB reference exchange rate, US dollar/Euro, 2.15 pm (C.E.T.)",USD,0
378,EXR.D.USD.EUR.SP00.A,D,USD,EUR,SP00,A,2025-06-26,1.1695,A,F,,,P1D,,A,,,,,,,99Q1=100,,,4,,4F0,,US dollar/Euro,"ECB reference exchange rate, US dollar/Euro, 2.15 pm (C.E.T.)",USD,0
379,EXR.D.USD.EUR.SP00.A,D,USD,EUR,SP00,A,2025-06-27,1.1704,A,F,,,P1D,,A,,,,,,,99Q1=100,,,4,,4F0,,US dollar/Euro,"ECB reference exchange rate, US dollar/Euro, 2.15 pm (C.E.T.)",USD,0
380,EXR.D.USD.EUR.SP00.A,D,USD,EUR,SP00,A,2025-06-30,1.172,A,F,,,P1D,,A,,,,,,,99Q1=100,,,4,,4F0,,US dollar/Euro,"ECB reference exchange rate, US dollar/Euro, 2.15 pm (C.E.T.)",USD,0
381,EXR.D.USD.EUR.SP00.A,D,USD,EUR,SP00,A,2025-07-01,1.181,A,F,,,P1D,,A,,,,,,,99Q1=100,,,4,,4F0,,US dollar/Euro,"ECB reference exchange rate, US dollar/Euro, 2.15 pm (C.E.T.)",USD,0
382,EXR.D.USD.EUR.SP00.A,D,USD,EUR,SP00,A,2025-07-02,1.1755,A,F,,,P1D,,A,,,,,,,99Q1=100,,,4,,4F0,,US dollar/Euro,"ECB reference exchange rate, US dollar/Euro, 2.15 pm (C.E.T.)",USD,0
383,EXR.D.USD.EUR.SP00.A,D,USD,EUR,SP00,A,2025-07-03,1.1782,A,F,,,P1D,,A,,,,,,,99Q1=100,,,4,,4F0,,US dollar/Euro,"ECB reference exchange rate, US dollar/Euro, 2.15 pm (C.E.T.)",USD,0
384,EXR.D.USD.EUR.SP00.A,D,USD,EUR,SP00,A,2025-07-04,1.1767,A,F,,,P1D,,A,,,,,,,99Q1=100,,,4,,4F0,,US dollar/Euro,"ECB reference exchange rate, US dollar/Euro, 2.15 pm (C.E.T.)",USD,0
385,EXR.D.USD.EUR.SP00.A,D,USD,EUR,SP00,A,2025-07-07,1.1728,A,F,,,P1D,,A,,,,,,,99Q1=100,,,4,,4F0,,US dollar/Euro,"ECB reference exchange rate, US dollar/Euro, 2.15 pm (C.E.T.)",USD,0
386,EXR.D.USD.EUR.SP00.A,D,USD,EUR,SP00,A,2025-07-08,1.1718,A,F,,,P1D,,A,,,,,,,99Q1=100,,,4,,4F0,,US dollar/Euro,"ECB reference exchange rate, US dollar/Euro, 2.15 pm (C.E.T.)",USD,0
387,EXR.D.USD.EUR.SP00.A,D,USD,EUR,SP00,A,2025-07-09,1.1698,A,F,,,P1D,,A,,,,,,,99Q1=100,,,4,,4F0,,US dollar/Euro,"ECB reference exchange rate, US dollar/Euro, 2.15 pm (C.E.T.)",USD,0
388,EXR.D.USD.EUR.SP00.A,D,USD,EUR,SP00,A,2025-07-10,1.1709,A,F,,,P1D,,A,,,,,,,99Q1=100,,,4,,4F0,,US dollar/Euro,"ECB reference exchange rate, US dollar/Euro, 2.15 pm (C.E.T.)",USD,0
389,EXR.D.USD.EUR.SP00.A,D,USD,EUR,SP00,A,2025-07-11,1.1683,A,F,,,P1D,,A,,,,,,,99Q1=100,,,4,,4F0,,US dollar/Euro,"ECB reference exchange rate, US dollar/Euro, 2.15 pm (C.E.T.)",USD,0
390,EXR.D.USD.EUR.SP00.A,D,USD,EUR,SP00,A,2025-07-14,1.169,A,F,,,P1D,,A,,,,,,,99Q1=100,,,4,,4F0,,US dollar/Euro,"ECB reference exchange rate, US dollar/Euro, 2.15 pm (C.E.T.)",USD,0
391,EXR.D.USD.EUR.SP00.A,D,USD,EUR,SP00,A,2025-07-15,1.1665,A,F,,,P1D,,A,,,,,,,99Q1=100,,,4,,4F0,,US dollar/Euro,"ECB reference exchange rate, US dollar/Euro, 2.15 pm (C.E.T.)",USD,0
392,EXR.D.USD.EUR.SP00.A,D,USD,EUR,SP00,A,2025-07-16,1.1602,A,F,,,P1D,,A,,,,,,,99Q1=100,,,4,,4F0,,US dollar/Euro,"ECB reference exchange rate, US dollar/Euro, 2.15 pm (C.E.T.)",USD,0
393,EXR.D.USD.EUR.SP00.A,D,USD,EUR,SP00,A,2025-07-17,1.1579,A,F,,,P1D,,A,,,,,,,99Q1=100,,,4,,4F0,,US dollar/Euro,"ECB reference exchange rate, US dollar/Euro, 2.15 pm (C.E.T.)",USD,0
394,EXR.D.USD.EUR.SP00.A,D,USD,EUR,SP00,A,2025-07-18,1.165,A,F,,,P1D,,A,,,,,,,99Q1=100,,,4,,4F0,,US dollar/Euro,"ECB reference exchange rate, US dollar/Euro, 2.15 pm (C.E.T.)",USD,0
395,EXR.D.USD.EUR.SP00.A,D,USD,EUR,SP00,A,2025-07-21,1.1667,A,F,,,P1D,,A,,,,,,,99Q1=100,,,4,,4F0,,US dollar/Euro,"ECB reference exchange rate, US dollar/Euro, 2.15 pm (C.E.T.)",USD,0
396,EXR.D.USD.EUR.SP00.A,D,USD,EUR,SP00,A,2025-07-22,1.1699,A,F,,,P1D,,A,,,,,,,99Q1=100,,,4,,4F0,,US dollar/Euro,"ECB reference exchange rate, US dollar/Euro, 2.15 pm (C.E.T.)",USD,0
397,EXR.D.USD.EUR.SP00.A,D,USD,EUR,SP00,A,2025-07-23,1.1726,A,F,,,P1D,,A,,,,,,,99Q1=100,,,4,,4F0,,US dollar/Euro,"ECB reference exchange rate, US dollar/Euro, 2.15 pm (C.E.T.)",USD,0
398,EXR.D.USD.EUR.SP00.A,D,USD,EUR,SP00,A,2025-07-24,1.1756,A,F,,,P1D,,A,,,,,,,99Q1=100,,,4,,4F0,,US dollar/Euro,"ECB reference exchange rate, US dollar/Euro, 2.15 pm (C.E.T.)",USD,0
399,EXR.D.USD.EUR.SP00.A,D,USD,EUR,SP00,A,2025-07-25,1.1724,A,F,,,P1D,,A,,,,,,,99Q1=100,,,4,,4F0,,US dollar/Euro,"ECB reference exchange rate, US dollar/Euro, 2.15 pm (C.E.T.)",USD,0
400,EXR.D.USD.EUR.SP00.A,D,USD,EUR,SP00,A,2025-07-28,1.1654,A,F,,,P1D,,A,,,,,,,99Q1=100,,,4,,4F0,,US dollar/Euro,"ECB reference exchange rate, US dollar/Euro, 2.15 pm (C.E.T.)",USD,0
401,EXR.D.USD.EUR.SP00.A,D,USD,EUR,SP00,A,2025-07-29,1.1533,A,F,,,P1D,,A,,,,,,,99Q1=100,,,4,,4F0,,US dollar/Euro,"ECB reference exchange rate, US dollar/Euro, 2.15 pm (C.E.T.)",USD,0
402,EXR.D.USD.EUR.SP00.A,D,USD,EUR,SP00,A,2025-07-30,1.1527,A,F,,,P1D,,A,,,,,,,99Q1=100,,,4,,4F0,,US dollar/Euro,"ECB reference exchange rate, US dollar/Euro, 2.15 pm (C.E.T.)",USD,0
403,EXR.D.USD.EUR.SP00.A,D,USD,EUR,SP00,A,2025-07-31,1.1446,A,F,,,P1D,,A,,,,,,,99Q1=100,,,4,,4F0,,US dollar/Euro,"ECB reference exchange rate, US dollar/Euro, 2.15 pm (C.E.T.)",USD,0
404,EXR.D.USD.EUR.SP00.A,D,USD,EUR,SP00,A,2025-08-01,1.1404,A,F,,,P1D,,A,,,,,,,99Q1=100,,,4,,4F0,,US dollar/Euro,"ECB reference exchange rate, US dollar/Euro, 2.15 pm (C.E.T.)",USD,0
405,EXR.D.USD.EUR.SP00.A,D,USD,EUR,SP00,A,2025-08-04,1.1565,A,F,,,P1D,,A,,,,,,,99Q1=100,,,4,,4F0,,US dollar/Euro,"ECB reference exchange rate, US dollar/Euro, 2.15 pm (C.E.T.)",USD,0
406,EXR.D.USD.EUR.SP00.A,D,USD,EUR,SP00,A,2025-08-05,1.1546,A,F,,,P1D,,A,,,,,,,99Q1=100,,,4,,4F0,,US dollar/Euro,"ECB reference exchange rate, US dollar/Euro, 2.15 pm (C.E.T.)",USD,0
407,EXR.D.USD.EUR.SP00.A,D,USD,EUR,SP00,A,2025-08-06,1.1604,A,F,,,P1D,,A,,,,,,,99Q1=100,,,4,,4F0,,US dollar/Euro,"ECB reference exchange rate, US dollar/Euro, 2.15 pm (C.E.T.)",USD,0
408,EXR.D.USD.EUR.SP00.A,D,USD,EUR,SP00,A,2025-08-07,1.1643,A,F,,,P1D,,A,,,,,,,99Q1=100,,,4,,4F0,,US dollar/Euro,"ECB reference exchange rate, US dollar/Euro, 2.15 pm (C.E.T.)",USD,0
409,EXR.D.USD.EUR.SP00.A,D,USD,EUR,SP00,A,2025-08-08,1.1648,A,F,,,P1D,,A,,,,,,,99Q1=100,,,4,,4F0,,US dollar/Euro,"ECB reference exchange rate, US dollar/Euro, 2.15 pm (C.E.T.)",USD,0
410,EXR.D.USD.EUR.SP00.A,D,USD,EUR,SP00,A,2025-08-11,1.1622,A,F,,,P1D,,A,,,,,,,99Q1=100,,,4,,4F0,,US dollar/Euro,"ECB reference exchange rate, US dollar/Euro, 2.15 pm (C.E.T.)",USD,0
411,EXR.D.USD.EUR.SP00.A,D,USD,EUR,SP00,A,2025-08-12,1.1606,A,F,,,P1D,,A,,,,,,,99Q1=100,,,4,,4F0,,US dollar/Euro,"ECB reference exchange rate, US dollar/Euro, 2.15 pm (C.E.T.)",USD,0
412,EXR.D.USD.EUR.SP00.A,D,USD,EUR,SP00,A,2025-08-13,1.1711,A,F,,,P1D,,A,,,,,,,99Q1=100,,,4,,4F0,,US dollar/Euro,"ECB reference exchange rate, US dollar/Euro, 2.15 pm (C.E.T.)",USD,0
413,EXR.D.USD.EUR.SP00.A,D,USD,EUR,SP00,A,2025-08-14,1.169,A,F,,,P1D,,A,,,,,,,99Q1=100,,,4,,4F0,,US dollar/Euro,"ECB reference exchange rate, US dollar/Euro, 2.15 pm (C.E.T.)",USD,0
414,EXR.D.USD.EUR.SP00.A,D,USD,EUR,SP00,A,2025-08-15,1.1688,A,F,,,P1D,,A,,,,,,,99Q1=100,,,4,,4F0,,US dollar/Euro,"ECB reference exchange rate, US dollar/Euro, 2.15 pm (C.E.T.)",USD,0
415,EXR.D.USD.EUR.SP00.A,D,USD,EUR,SP00,A,2025-08-18,1.1673,A,F,,,P1D,,A,,,,,,,99Q1=100,,,4,,4F0,,US dollar/Euro,"ECB reference exchange rate, US dollar/Euro, 2.15 pm (C.E.T.)",USD,0
416,EXR.D.USD.EUR.SP00.A,D,USD,EUR,SP00,A,2025-08-19,1.1682,A,F,,,P1D,,A,,,,,,,99Q1=100,,,4,,4F0,,US dollar/Euro,"ECB reference exchange rate, US dollar/Euro, 2.15 pm (C.E.T.)",USD,0
417,EXR.D.USD.EUR.SP00.A,D,USD,EUR,SP00,A,2025-08-20,1.1651,A,F,,,P1D,,A,,,,,,,99Q1=100,,,4,,4F0,,US dollar/Euro,"ECB reference exchange rate, US dollar/Euro, 2.15 pm (C.E.T.)",USD,0
418,EXR.D.USD.EUR.SP00.A,D,USD,EUR,SP00,A,2025-08-21,1.1639,A,F,,,P1D,,A,,,,,,,99Q1=100,,,4,,4F0,,US dollar/Euro,"ECB reference exchange rate, US dollar/Euro, 2.15 pm (C.E.T.)",USD,0
419,EXR.D.USD.EUR.SP00.A,D,USD,EUR,SP00,A,2025-08-22,1.1608,A,F,,,P1D,,A,,,,,,,99Q1=100,,,4,,4F0,,US dollar/Euro,"ECB reference exchange rate, US dollar/Euro, 2.15 pm (C.E.T.)",USD,0
420,EXR.D.USD.EUR.SP00.A,D,USD,EUR,SP00,A,2025-08-25,1.1697,A,F,,,P1D,,A,,,,,,,99Q1=100,,,4,,4F0,,US dollar/Euro,"ECB reference exchange rate, US dollar/Euro, 2.15 pm (C.E.T.)",USD,0
421,EXR.D.USD.EUR.SP00.A,D,USD,EUR,SP00,A,2025-08-26,1.1656,A,F,,,P1D,,A,,,,,,,99Q1=100,,,4,,4F0,,US dollar/Euro,"ECB reference exchange rate, US dollar/Euro, 2.15 pm (C.E.T.)",USD,0
422,EXR.D.USD.EUR.SP00.A,D,USD,EUR,SP00,A,2025-08-27,1.1593,A,F,,,P1D,,A,,,,,,,99Q1=100,,,4,,4F0,,US dollar/Euro,"ECB reference exchange rate, US dollar/Euro, 2.15 pm (C.E.T.)",USD,0
423,EXR.D.USD.EUR.SP00.A,D,USD,EUR,SP00,A,2025-08-28,1.1676,A,F,,,P1D,,A,,,,,,,99Q1=100,,,4,,4F0,,US dollar/Euro,"ECB reference exchange rate, US dollar/Euro, 2.15 pm (C.E.T.)",USD,0
424,EXR.D.USD.EUR.SP00.A,D,USD,EUR,SP00,A,2025-08-29,1.1658,A,F,,,P1D,,A,,,,,,,99Q1=100,,,4,,4F0,,US dollar/Euro,"ECB reference exchange rate, US dollar/Euro, 2.15 pm (C.E.T.)",USD,0
425,EXR.D.USD.EUR.SP00.A,D,USD,EUR,SP00,A,2025-09-01,1.1715,A,F,,,P1D,,A,,,,,,,99Q1=100,,,4,,4F0,,US dollar/Euro,"ECB reference exchange rate, US dollar/Euro, 2.15 pm (C.E.T.)",USD,0
426,EXR.D.USD.EUR.SP00.A,D,USD,EUR,SP00,A,2025-09-02,1.1646,A,F,,,P1D,,A,,,,,,,99Q1=100,,,4,,4F0,,US dollar/Euro,"ECB reference exchange rate, US dollar/Euro, 2.15 pm (C.E.T.)",USD,0
427,EXR.D.USD.EUR.SP00.A,D,USD,EUR,SP00,A,2025-09-03,1.1653,A,F,,,P1D,,A,,,,,,,99Q1=100,,,4,,4F0,,US dollar/Euro,"ECB reference exchange rate, US dollar/Euro, 2.15 pm (C.E.T.)",USD,0
428,EXR.D.USD.EUR.SP00.A,D,USD,EUR,SP00,A,2025-09-04,1.1647,A,F,,,P1D,,A,,,,,,,99Q1=100,,,4,,4F0,,US dollar/Euro,"ECB reference exchange rate, US dollar/Euro, 2.15 pm (C.E.T.)",USD,0
429,EXR.D.USD.EUR.SP00.A,D,USD,EUR,SP00,A,2025-09-05,1.1697,A,F,,,P1D,,A,,,,,,,99Q1=100,,,4,,4F0,,US dollar/Euro,"ECB reference exchange rate, US dollar/Euro, 2.15 pm (C.E.T.)",USD,0
430,EXR.D.USD.EUR.SP00.A,D,USD,EUR,SP00,A,2025-09-08,1.1728,A,F,,,P1D,,A,,,,,,,99Q1=100,,,4,,4F0,,US dollar/Euro,"ECB reference exchange rate, US dollar/Euro, 2.15 pm (C.E.T.)",USD,0
431,EXR.D.USD.EUR.SP00.A,D,USD,EUR,SP00,A,2025-09-09,1.1744,A,F,,,P1D,,A,,,,,,,99Q1=100,,,4,,4F0,,US dollar/Euro,"ECB reference exchange rate, US dollar/Euro, 2.15 pm (C.E.T.)",USD,0
432,EXR.D.USD.EUR.SP00.A,D,USD,EUR,SP00,A,2025-09-10,1.1707,A,F,,,P1D,,A,,,,,,,99Q1=100,,,4,,4F0,,US dollar/Euro,"ECB reference exchange rate, US dollar/Euro, 2.15 pm (C.E.T.)",USD,0
433,EXR.D.USD.EUR.SP00.A,D,USD,EUR,SP00,A,2025-09-11,1.1685,A,F,,,P1D,,A,,,,,,,99Q1=100,,,4,,4F0,,US dollar/Euro,"ECB reference exchange rate, US dollar/Euro, 2.15 pm (C.E.T.)",USD,0
434,EXR.D.USD.EUR.SP00.A,D,USD,EUR,SP00,A,2025-09-12,1.1718,A,F,,,P1D,,A,,,,,,,99Q1=100,,,4,,4F0,,US dollar/Euro,"ECB reference exchange rate, US dollar/Euro, 2.15 pm (C.E.T.)",USD,0
435,EXR.D.USD.EUR.SP00.A,D,USD,EUR,SP00,A,2025-09-15,1.1766,A,F,,,P1D,,A,,,,,,,99Q1=100,,,4,,4F0,,US dollar/Euro,"ECB reference exchange rate, US dollar/Euro, 2.15 pm (C.E.T.)",USD,0
436,EXR.D.USD.EUR.SP00.A,D,USD,EUR,SP00,A,2025-09-16,1.1807,A,F,,,P1D,,A,,,,,,,99Q1=100,,,4,,4F0,,US dollar/Euro,"ECB reference exchange rate, US dollar/Euro, 2.15 pm (C.E.T.)",USD,0
437,EXR.D.USD.EUR.SP00.A,D,USD,EUR,SP00,A,2025-09-17,1.1837,A,F,,,P1D,,A,,,,,,,99Q1=100,,,4,,4F0,,US dollar/Euro,"ECB reference exchange rate, US dollar/Euro, 2.15 pm (C.E.T.)",USD,0
438,EXR.D.USD.EUR.SP00.A,D,USD,EUR,SP00,A,2025-09-18,1.1818,A,F,,,P1D,,A,,,,,,,99Q1=100,,,4,,4F0,,US dollar/Euro,"ECB reference exchange rate, US dollar/Euro, 2.15 pm (C.E.T.)",USD,0
439,EXR.D.USD.EUR.SP00.A,D,USD,EUR,SP00,A,2025-09-19,1.1736,A,F,,,P1D,,A,,,,,,,99Q1=100,,,4,,4F0,,US dollar/Euro,"ECB reference exchange rate, US dollar/Euro, 2.15 pm (C.E.T.)",USD,0
440,EXR.D.USD.EUR.SP00.A,D,USD,EUR,SP00,A,2025-09-22,1.1781,A,F,,,P1D,,A,,,,,,,99Q1=100,,,4,,4F0,,US dollar/Euro,"ECB reference exchange rate, US dollar/Euro, 2.15 pm (C.E.T.)",USD,0
441,EXR.D.USD.EUR.SP00.A,D,USD,EUR,SP00,A,2025-09-23,1.1793,A,F,,,P1D,,A,,,,,,,99Q1=100,,,4,,4F0,,US dollar/Euro,"ECB reference exchange rate, US dollar/Euro, 2.15 pm (C.E.T.)",USD,0
442,EXR.D.USD.EUR.SP00.A,D,USD,EUR,SP00,A,2025-09-24,1.1756,A,F,,,P1D,,A,,,,,,,99Q1=100,,,4,,4F0,,US dollar/Euro,"ECB reference exchange rate, US dollar/Euro, 2.15 pm (C.E.T.)",USD,0
443,EXR.D.USD.EUR.SP00.A,D,USD,EUR,SP00,A,2025-09-25,1.1739,A,F,,,P1D,,A,,,,,,,99Q1=100,,,4,,4F0,,US dollar/Euro,"ECB reference exchange rate, US dollar/Euro, 2.15 pm (C.E.T.)",USD,0
444,EXR.D.USD.EUR.SP00.A,D,USD,EUR,SP00,A,2025-09-26,1.1672,A,F,,,P1D,,A,,,,,,,99Q1=100,,,4,,4F0,,US dollar/Euro,"ECB reference exchange rate, US dollar/Euro, 2.15 pm (C.E.T.)",USD,0
445,EXR.D.USD.EUR.SP00.A,D,USD,EUR,SP00,A,2025-09-29,1.1723,A,F,,,P1D,,A,,,,,,,99Q1=100,,,4,,4F0,,US dollar/Euro,"ECB reference exchange rate, US dollar/Euro, 2.15 pm (C.E.T.)",USD,0
446,EXR.D.USD.EUR.SP00.A,D,USD,EUR,SP00,A,2025-09-30,1.1741,A,F,,,P1D,,A,,,,,,,99Q1=100,,,4,,4F0,,US dollar/Euro,"ECB reference exchange rate, US dollar/Euro, 2.15 pm (C.E.T.)",USD,0
447,EXR.D.USD.EUR.SP00.A,D,USD,EUR,SP00,A,2025-10-01,1.1724,A,F,,,P1D,,A,,,,,,,99Q1=100,,,4,,4F0,,US dollar/Euro,"ECB reference exchange rate, US dollar/Euro, 2.15 pm (C.E.T.)",USD,0
448,EXR.D.USD.EUR.SP00.A,D,USD,EUR,SP00,A,2025-10-02,1.1754,A,F,,,P1D,,A,,,,,,,99Q1=100,,,4,,4F0,,US dollar/Euro,"ECB reference exchange rate, US dollar/Euro, 2.15 pm (C.E.T.)",USD,0
449,EXR.D.USD.EUR.SP00.A,D,USD,EUR,SP00,A,2025-10-03,1.1734,A,F,,,P1D,,A,,,,,,,99Q1=100,,,4,,4F0,,US dollar/Euro,"ECB reference exchange rate, US dollar/Euro, 2.15 pm (C.E.T.)",USD,0
450,EXR.D.USD.EUR.SP00.A,D,USD,EUR,SP00,A,2025-10-06,1.1678,A,F,,,P1D,,A,,,,,,,99Q1=100,,,4,,4F0,,US dollar/Euro,"ECB reference exchange rate, US dollar/Euro, 2.15 pm (C.E.T.)",USD,0
451,EXR.D.USD.EUR.SP00.A,D,USD,EUR,SP00,A,2025-10-07,1.1666,A,F,,,P1D,,A,,,,,,,99Q1=100,,,4,,4F0,,US dollar/Euro,"ECB reference exchange rate, US dollar/Euro, 2.15 pm (C.E.T.)",USD,0
452,EXR.D.USD.EUR.SP00.A,D,USD,EUR,SP00,A,2025-10-08,1.1627,A,F,,,P1D,,A,,,,,,,99Q1=100,,,4,,4F0,,US dollar/Euro,"ECB reference exchange rate, US dollar/Euro, 2.15 pm (C.E.T.)",USD,0
453,EXR.D.USD.EUR.SP00.A,D,USD,EUR,SP00,A,2025-10-09,1.1611,A,F,,,P1D,,A,,,,,,,99Q1=100,,,4,,4F0,,US dollar/Euro,"ECB reference exchange rate, US dollar/Euro, 2.15 pm (C.E.T.)",USD,0
454,EXR.D.USD.EUR.SP00.A,D,USD,EUR,SP00,A,2025-10-10,1.1568,A,F,,,P1D,,A,,,,,,,99Q1=100,,,4,,4F0,,US dollar/Euro,"ECB reference exchange rate, US dollar/Euro, 2.15 pm (C.E.T.)",USD,0
455,EXR.D.USD.EUR.SP00.A,D,USD,EUR,SP00,A,2025-10-13,1.1569,A,F,,,P1D,,A,,,,,,,99Q1=100,,,4,,4F0,,US dollar/Euro,"ECB reference exchange rate, US dollar/Euro, 2.15 pm (C.E.T.)",USD,0
456,EXR.D.USD.EUR.SP00.A,D,USD,EUR,SP00,A,2025-10-14,1.1553,A,F,,,P1D,,A,,,,,,,99Q1=100,,,4,,4F0,,US dollar/Euro,"ECB reference exchange rate, US dollar/Euro, 2.15 pm (C.E.T.)",USD,0
457,EXR.D.USD.EUR.SP00.A,D,USD,EUR,SP00,A,2025-10-15,1.1622,A,F,,,P1D,,A,,,,,,,99Q1=100,,,4,,4F0,,US dollar/Euro,"ECB reference exchange rate, US dollar/Euro, 2.15 pm (C.E.T.)",USD,0
458,EXR.D.USD.EUR.SP00.A,D,USD,EUR,SP00,A,2025-10-16,1.1649,A,F,,,P1D,,A,,,,,,,99Q1=100,,,4,,4F0,,US dollar/Euro,"ECB reference exchange rate, US dollar/Euro, 2.15 pm (C.E.T.)",USD,0
459,EXR.D.USD.EUR.SP00.A,D,USD,EUR,SP00,A,2025-10-17,1.1681,A,F,,,P1D,,A,,,,,,,99Q1=100,,,4,,4F0,,US dollar/Euro,"ECB reference exchange rate, US dollar/Euro, 2.15 pm (C.E.T.)",USD,0
460,EXR.D.USD.EUR.SP00.A,D,USD,EUR,SP00,A,2025-10-20,1.1655,A,F,,,P1D,,A,,,,,,,99Q1=100,,,4,,4F0,,US dollar/Euro,"ECB reference exchange rate, US dollar/Euro, 2.15 pm (C.E.T.)",USD,0
461,EXR.D.USD.EUR.SP00.A,D,USD,EUR,SP00,A,2025-10-21,1.1607,A,F,,,P1D,,A,,,,,,,99Q1=100,,,4,,4F0,,US dollar/Euro,"ECB reference exchange rate, US dollar/Euro, 2.15 pm (C.E.T.)",USD,0
462,EXR.D.USD.EUR.SP00.A,D,USD,EUR,SP00,A,2025-10-22,1.1587,A,F,,,P1D,,A,,,,,,,99Q1=100,,,4,,4F0,,US dollar/Euro,"ECB reference exchange rate, US dollar/Euro, 2.15 pm (C.E.T.)",USD,0
463,EXR.D.USD.EUR.SP00.A,D,USD,EUR,SP00,A,2025-10-23,1.1593,A,F,,,P1D,,A,,,,,,,99Q1=100,,,4,,4F0,,US dollar/Euro,"ECB reference exchange rate, US dollar/Euro, 2.15 pm (C.E.T.)",USD,0
464,EXR.D.USD.EUR.SP00.A,D,USD,EUR,SP00,A,2025-10-24,1.1612,A,F,,,P1D,,A,,,,,,,99Q1=100,,,4,,4F0,,US dollar/Euro,"ECB reference exchange rate, US dollar/Euro, 2.15 pm (C.E.T.)",USD,0
465,EXR.D.USD.EUR.SP00.A,D,USD,EUR,SP00,A,2025-10-27,1.164,A,F,,,P1D,,A,,,,,,,99Q1=100,,,4,,4F0,,US dollar/Euro,"ECB reference exchange rate, US dollar/Euro, 2.15 pm (C.E.T.)",USD,0
466,EXR.D.USD.EUR.SP00.A,D,USD,EUR,SP00,A,2025-10-28,1.163,A,F,,,P1D,,A,,,,,,,99Q1=100,,,4,,4F0,,US dollar/Euro,"ECB reference exchange rate, US dollar/Euro, 2.15 pm (C.E.T.)",USD,0
467,EXR.D.USD.EUR.SP00.A,D,USD,EUR,SP00,A,2025-10-29,1.1636,A,F,,,P1D,,A,,,,,,,99Q1=100,,,4,,4F0,,US dollar/Euro,"ECB reference exchange rate, US dollar/Euro, 2.15 pm (C.E.T.)",USD,0
468,EXR.D.USD.EUR.SP00.A,D,USD,EUR,SP00,A,2025-10-30,1.155,A,F,,,P1D,,A,,,,,,,99Q1=100,,,4,,4F0,,US dollar/Euro,"ECB reference exchange rate, US dollar/Euro, 2.15 pm (C.E.T.)",USD,0
469,EXR.D.USD.EUR.SP00.A,D,USD,EUR,SP00,A,2025-10-31,1.1554,A,F,,,P1D,,A,,,,,,,99Q1=100,,,4,,4F0,,US dollar/Euro,"ECB reference exchange rate, US dollar/Euro, 2.15 pm (C.E.T.)",USD,0
470,EXR.D.USD.EUR.SP00.A,D,USD,EUR,SP00,A,2025-11-03,1.1514,A,F,,,P1D,,A,,,,,,,99Q1=100,,,4,,4F0,,US dollar/Euro,"ECB reference exchange rate, US dollar/Euro, 2.15 pm (C.E.T.)",USD,0
471,EXR.D.USD.EUR.SP00.A,D,USD,EUR,SP00,A,2025-11-04,1.1491,A,F,,,P1D,,A,,,,,,,99Q1=100,,,4,,4F0,,US dollar/Euro,"ECB reference exchange rate, US dollar/Euro, 2.15 pm (C.E.T.)",USD,0
472,EXR.D.USD.EUR.SP00.A,D,USD,EUR,SP00,A,2025-11-05,1.1492,A,F,,,P1D,,A,,,,,,,99Q1=100,,,4,,4F0,,US dollar/Euro,"ECB reference exchange rate, US dollar/Euro, 2.15 pm (C.E.T.)",USD,0
473,EXR.D.USD.EUR.SP00.A,D,USD,EUR,SP00,A,2025-11-06,1.1533,A,F,,,P1D,,A,,,,,,,99Q1=100,,,4,,4F0,,US dollar/Euro,"ECB reference exchange rate, US dollar/Euro, 2.15 pm (C.E.T.)",USD,0
474,EXR.D.USD.EUR.SP00.A,D,USD,EUR,SP00,A,2025-11-07,1.1561,A,F,,,P1D,,A,,,,,,,99Q1=100,,,4,,4F0,,US dollar/Euro,"ECB reference exchange rate, US dollar/Euro, 2.15 pm (C.E.T.)",USD,0
475,EXR.D.USD.EUR.SP00.A,D,USD,EUR,SP00,A,2025-11-10,1.1571,A,F,,,P1D,,A,,,,,,,99Q1=100,,,4,,4F0,,US dollar/Euro,"ECB reference exchange rate, US dollar/Euro, 2.15 pm (C.E.T.)",USD,0
476,EXR.D.USD.EUR.SP00.A,D,USD,EUR,SP00,A,2025-11-11,1.1575,A,F,,,P1D,,A,,,,,,,99Q1=100,,,4,,4F0,,US dollar/Euro,"ECB reference exchange rate, US dollar/Euro, 2.15 pm (C.E.T.)",USD,0
477,EXR.D.USD.EUR.SP00.A,D,USD,EUR,SP00,A,2025-11-12,1.1576,A,F,,,P1D,,A,,,,,,,99Q1=100,,,4,,4F0,,US dollar/Euro,"ECB reference exchange rate, US dollar/Euro, 2.15 pm (C.E.T.)",USD,0
478,EXR.D.USD.EUR.SP00.A,D,USD,EUR,SP00,A,2025-11-13,1.1619,A,F,,,P1D,,A,,,,,,,99Q1=100,,,4,,4F0,,US dollar/Euro,"ECB reference exchange rate, US dollar/Euro, 2.15 pm (C.E.T.)",USD,0
479,EXR.D.USD.EUR.SP00.A,D,USD,EUR,SP00,A,2025-11-14,1.1648,A,F,,,P1D,,A,,,,,,,99Q1=100,,,4,,4F0,,US dollar/Euro,"ECB reference exchange rate, US dollar/Euro, 2.15 pm (C.E.T.)",USD,0
480,EXR.D.USD.EUR.SP00.A,D,USD,EUR,SP00,A,2025-11-17,1.1593,A,F,,,P1D,,A,,,,,,,99Q1=100,,,4,,4F0,,US dollar/Euro,"ECB reference exchange rate, US dollar/Euro, 2.15 pm (C.E.T.)",USD,0
481,EXR.D.USD.EUR.SP00.A,D,USD,EUR,SP00,A,2025-11-18,1.159,A,F,,,P1D,,A,,,,,,,99Q1=100,,,4,,4F0,,US dollar/Euro,"ECB reference exchange rate, US dollar/Euro, 2.15 pm (C.E.T.)",USD,0
482,EXR.D.USD.EUR.SP00.A,D,USD,EUR,SP00,A,2025-11-19,1.1583,A,F,,,P1D,,A,,,,,,,99Q1=100,,,4,,4F0,,US dollar/Euro,"ECB reference exchange rate, US dollar/Euro, 2.15 pm (C.E.T.)",USD,0
483,EXR.D.USD.EUR.SP00.A,D,USD,EUR,SP00,A,2025-11-20,1.1514,A,F,,,P1D,,A,,,,,,,99Q1=100,,,4,,4F0,,US dollar/Euro,"ECB reference exchange rate, US dollar/Euro, 2.15 pm (C.E.T.)",USD,0
484,EXR.D.USD.EUR.SP00.A,D,USD,EUR,SP00,A,2025-11-21,1.152,A,F,,,P1D,,A,,,,,,,99Q1=100,,,4,,4F0,,US dollar/Euro,"ECB reference exchange rate, US dollar/Euro, 2.15 pm (C.E.T.)",USD,0
485,EXR.D.USD.EUR.SP00.A,D,USD,EUR,SP00,A,2025-11-24,1.1544,A,F,,,P1D,,A,,,,,,,99Q1=100,,,4,,4F0,,US dollar/Euro,"ECB reference exchange rate, US dollar/Euro, 2.15 pm (C.E.T.)",USD,0
486,EXR.D.USD.EUR.SP00.A,D,USD,EUR,SP00,A,2025-11-25,1.1551,A,F,,,P1D,,A,,,,,,,99Q1=100,,,4,,4F0,,US dollar/Euro,"ECB reference exchange rate, US dollar/Euro, 2.15 pm (C.E.T.)",USD,0
487,EXR.D.USD.EUR.SP00.A,D,USD,EUR,SP00,A,2025-11-26,1.1577,A,F,,,P1D,,A,,,,,,,99Q1=100,,,4,,4F0,,US dollar/Euro,"ECB reference exchange rate, US dollar/Euro, 2.15 pm (C.E.T.)",USD,0
488,EXR.D.USD.EUR.SP00.A,D,USD,EUR,SP00,A,2025-11-27,1.1586,A,F,,,P1D,,A,,,,,,,99Q1=100,,,4,,4F0,,US dollar/Euro,"ECB reference exchange rate, US dollar/Euro, 2.15 pm (C.E.T.)",USD,0
489,EXR.D.USD.EUR.SP00.A,D,USD,EUR,SP00,A,2025-11-28,1.1566,A,F,,,P1D,,A,,,,,,,99Q1=100,,,4,,4F0,,US dollar/Euro,"ECB reference exchange rate, US dollar/Euro, 2.15 pm (C.E.T.)",USD,0
490,EXR.D.USD.EUR.SP00.A,D,USD,EUR,SP00,A,2025-12-01,1.1646,A,F,,,P1D,,A,,,,,,,99Q1=100,,,4,,4F0,,US dollar/Euro,"ECB reference exchange rate, US dollar/Euro, 2.15 pm (C.E.T.)",USD,0
491,EXR.D.USD.EUR.SP00.A,D,USD,EUR,SP00,A,2025-12-02,1.1614,A,F,,,P1D,,A,,,,,,,99Q1=100,,,4,,4F0,,US dollar/Euro,"ECB reference exchange rate, US dollar/Euro, 2.15 pm (C.E.T.)",USD,0
492,EXR.D.USD.EUR.SP00.A,D,USD,EUR,SP00,A,2025-12-03,1.1668,A,F,,,P1D,,A,,,,,,,99Q1=100,,,4,,4F0,,US dollar/Euro,"ECB reference exchange rate, US dollar/Euro, 2.15 pm (C.E.T.)",USD,0
493,EXR.D.USD.EUR.SP00.A,D,USD,EUR,SP00,A,2025-12-04,1.1666,A,F,,,P1D,,A,,,,,,,99Q1=100,,,4,,4F0,,US dollar/Euro,"ECB reference exchange rate, US dollar/Euro, 2.15 pm (C.E.T.)",USD,0
494,EXR.D.USD.EUR.SP00.A,D,USD,EUR,SP00,A,2025-12-05,1.1645,A,F,,,P1D,,A,,,,,,,99Q1=100,,,4,,4F0,,US dollar/Euro,"ECB reference exchange rate, US dollar/Euro, 2.15 pm (C.E.T.)",USD,0
495,EXR.D.USD.EUR.SP00.A,D,USD,EUR,SP00,A,2025-12-08,1.1655,A,F,,,P1D,,A,,,,,,,99Q1=100,,,4,,4F0,,US dollar/Euro,"ECB reference exchange rate, US dollar/Euro, 2.15 pm (C.E.T.)",USD,0
496,EXR.D.USD.EUR.SP00.A,D,USD,EUR,SP00,A,2025-12-09,1.1637,A,F,,,P1D,,A,,,,,,,99Q1=100,,,4,,4F0,,US dollar/Euro,"ECB reference exchange rate, US dollar/Euro, 2.15 pm (C.E.T.)",USD,0
497,EXR.D.USD.EUR.SP00.A,D,USD,EUR,SP00,A,2025-12-10,1.1634,A,F,,,P1D,,A,,,,,,,99Q1=100,,,4,,4F0,,US dollar/Euro,"ECB reference exchange rate, US dollar/Euro, 2.15 pm (C.E.T.)",USD,0
498,EXR.D.USD.EUR.SP00.A,D,USD,EUR,SP00,A,2025-12-11,1.1714,A,F,,,P1D,,A,,,,,,,99Q1=100,,,4,,4F0,,US dollar/Euro,"ECB reference exchange rate, US dollar/Euro, 2.15 pm (C.E.T.)",USD,0
499,EXR.D.USD.EUR.SP00.A,D,USD,EUR,SP00,A,2025-12-12,1.1731,A,F,,,P1D,,A,,,,,,,99Q1=100,,,4,,4F0,,US dollar/Euro,"ECB reference exchange rate, US dollar/Euro, 2.15 pm (C.E.T.)",USD,0
500,EXR.D.USD.EUR.SP00.A,D,USD,EUR,SP00,A,2025-12-15,1.1753,A,F,,,P1D,,A,,,,,,,99Q1=100,,,4,,4F0,,US dollar/Euro,"ECB reference exchange rate, US dollar/Euro, 2.15 pm (C.E.T.)",USD,0
501,EXR.D.USD.EUR.SP00.A,D,USD,EUR,SP00,A,2025-12-16,1.1776,A,F,,,P1D,,A,,,,,,,99Q1=100,,,4,,4F0,,US dollar/Euro,"ECB reference exchange rate, US dollar/Euro, 2.15 pm (C.E.T.)",USD,0
502,EXR.D.USD.EUR.SP00.A,D,USD,EUR,SP00,A,2025-12-17,1.1722,A,F,,,P1D,,A,,,,,,,99Q1=100,,,4,,4F0,,US dollar/Euro,"ECB reference exchange rate, US dollar/Euro, 2.15 pm (C.E.T.)",USD,0
503,EXR.D.USD.EUR.SP00.A,D,USD,EUR,SP00,A,2025-12-18,1.1719,A,F,,,P1D,,A,,,,,,,99Q1=100,,,4,,4F0,,US dollar/Euro,"ECB reference exchange rate, US dollar/Euro, 2.15 pm (C.E.T.)",USD,0
504,EXR.D.USD.EUR.SP00.A,D,USD,EUR,SP00,A,2025-12-19,1.1712,A,F,,,P1D,,A,,,,,,,99Q1=100,,,4,,4F0,,US dollar/Euro,"ECB reference exchange rate, US dollar/Euro, 2.15 pm (C.E.T.)",USD,0
505,EXR.D.USD.EUR.SP00.A,D,USD,EUR,SP00,A,2025-12-22,1.1745,A,F,,,P1D,,A,,,,,,,99Q1=100,,,4,,4F0,,US dollar/Euro,"ECB reference exchange rate, US dollar/Euro, 2.15 pm (C.E.T.)",USD,0
506,EXR.D.USD.EUR.SP00.A,D,USD,EUR,SP00,A,2025-12-23,1.1786,A,F,,,P1D,,A,,,,,,,99Q1=100,,,4,,4F0,,US dollar/Euro,"ECB reference exchange rate, US dollar/Euro, 2.15 pm (C.E.T.)",USD,0
507,EXR.D.USD.EUR.SP00.A,D,USD,EUR,SP00,A,2025-12-24,1.1787,A,F,,,P1D,,A,,,,,,,99Q1=100,,,4,,4F0,,US dollar/Euro,"ECB reference exchange rate, US dollar/Euro, 2.15 pm (C.E.T.)",USD,0
508,EXR.D.USD.EUR.SP00.A,D,USD,EUR,SP00,A,2025-12-29,1.1766,A,F,,,P1D,,A,,,,,,,99Q1=100,,,4,,4F0,,US dollar/Euro,"ECB reference exchange rate, US dollar/Euro, 2.15 pm (C.E.T.)",USD,0
509,EXR.D.USD.EUR.SP00.A,D,USD,EUR,SP00,A,2025-12-30,1.1757,A,F,,,P1D,,A,,,,,,,99Q1=100,,,4,,4F0,,US dollar/Euro,"ECB reference exchange rate, US dollar/Euro, 2.15 pm (C.E.T.)",USD,0
510,EXR.D.USD.EUR.SP00.A,D,USD,EUR,SP00,A,2025-12-31,1.175,A,F,,,P1D,,A,,,,,,,99Q1=100,,,4,,4F0,,US dollar/Euro,"ECB reference exchange rate, US dollar/Euro, 2.15 pm (C.E.T.)",USD,0
511,EXR.D.USD.EUR.SP00.A,D,USD,EUR,SP00,A,2026-01-02,1.1721,A,F,,,P1D,,A,,,,,,,99Q1=100,,,4,,4F0,,US dollar/Euro,"ECB reference exchange rate, US dollar/Euro, 2.15 pm (C.E.T.)",USD,0
512,EXR.D.USD.EUR.SP00.A,D,USD,EUR,SP00,A,2026-01-05,1.1664,A,F,,,P1D,,A,,,,,,,99Q1=100,,,4,,4F0,,US dollar/Euro,"ECB reference exchange rate, US dollar/Euro, 2.15 pm (C.E.T.)",USD,0
513,EXR.D.USD.EUR.SP00.A,D,USD,EUR,SP00,A,2026-01-06,1.1707,A,F,,,P1D,,A,,,,,,,99Q1=100,,,4,,4F0,,US dollar/Euro,"ECB reference exchange rate, US dollar/Euro, 2.15 pm (C.E.T.)",USD,0
514,EXR.D.USD.EUR.SP00.A,D,USD,EUR,SP00,A,2026-01-07,1.1684,A,F,,,P1D,,A,,,,,,,99Q1=100,,,4,,4F0,,US dollar/Euro,"ECB reference exchange rate, US dollar/Euro, 2.15 pm (C.E.T.)",USD,0
515,EXR.D.USD.EUR.SP00.A,D,USD,EUR,SP00,A,2026-01-08,1.1675,A,F,,,P1D,,A,,,,,,,99Q1=100,,,4,,4F0,,US dollar/Euro,"ECB reference exchange rate, US dollar/Euro, 2.15 pm (C.E.T.)",USD,0
516,EXR.D.USD.EUR.SP00.A,D,USD,EUR,SP00,A,2026-01-09,1.1642,A,F,,,P1D,,A,,,,,,,99Q1=100,,,4,,4F0,,US dollar/Euro,"ECB reference exchange rate, US dollar/Euro, 2.15 pm (C.E.T.)",USD,0
517,EXR.D.USD.EUR.SP00.A,D,USD,EUR,SP00,A,2026-01-12,1.1692,A,F,,,P1D,,A,,,,,,,99Q1=100,,,4,,4F0,,US dollar/Euro,"ECB reference exchange rate, US dollar/Euro, 2.15 pm (C.E.T.)",USD,0
518,EXR.D.USD.EUR.SP00.A,D,USD,EUR,SP00,A,2026-01-13,1.1654,A,F,,,P1D,,A,,,,,,,99Q1=100,,,4,,4F0,,US dollar/Euro,"ECB reference exchange rate, US dollar/Euro, 2.15 pm (C.E.T.)",USD,0
519,EXR.D.USD.EUR.SP00.A,D,USD,EUR,SP00,A,2026-01-14,1.1651,A,F,,,P1D,,A,,,,,,,99Q1=100,,,4,,4F0,,US dollar/Euro,"ECB reference exchange rate, US dollar/Euro, 2.15 pm (C.E.T.)",USD,0
520,EXR.D.USD.EUR.SP00.A,D,USD,EUR,SP00,A,2026-01-15,1.1624,A,F,,,P1D,,A,,,,,,,99Q1=100,,,4,,4F0,,US dollar/Euro,"ECB reference exchange rate, US dollar/Euro, 2.15 pm (C.E.T.)",USD,0
521,EXR.D.USD.EUR.SP00.A,D,USD,EUR,SP00,A,2026-01-16,1.1617,A,F,,,P1D,,A,,,,,,,99Q1=100,,,4,,4F0,,US dollar/Euro,"ECB reference exchange rate, US dollar/Euro, 2.15 pm (C.E.T.)",USD,0
522,EXR.D.USD.EUR.SP00.A,D,USD,EUR,SP00,A,2026-01-19,1.1631,A,F,,,P1D,,A,,,,,,,99Q1=100,,,4,,4F0,,US dollar/Euro,"ECB reference exchange rate, US dollar/Euro, 2.15 pm (C.E.T.)",USD,0
523,EXR.D.USD.EUR.SP00.A,D,USD,EUR,SP00,A,2026-01-20,1.1728,A,F,,,P1D,,A,,,,,,,99Q1=100,,,4,,4F0,,US dollar/Euro,"ECB reference exchange rate, US dollar/Euro, 2.15 pm (C.E.T.)",USD,0
524,EXR.D.USD.EUR.SP00.A,D,USD,EUR,SP00,A,2026-01-21,1.1739,A,F,,,P1D,,A,,,,,,,99Q1=100,,,4,,4F0,,US dollar/Euro,"ECB reference exchange rate, US dollar/Euro, 2.15 pm (C.E.T.)",USD,0
525,EXR.D.USD.EUR.SP00.A,D,USD,EUR,SP00,A,2026-01-22,1.1706,A,F,,,P1D,,A,,,,,,,99Q1=100,,,4,,4F0,,US dollar/Euro,"ECB reference exchange rate, US dollar/Euro, 2.15 pm (C.E.T.)",USD,0
526,EXR.D.USD.EUR.SP00.A,D,USD,EUR,SP00,A,2026-01-23,1.1742,A,F,,,P1D,,A,,,,,,,99Q1=100,,,4,,4F0,,US dollar/Euro,"ECB reference exchange rate, US dollar/Euro, 2.15 pm (C.E.T.)",USD,0
527,EXR.D.USD.EUR.SP00.A,D,USD,EUR,SP00,A,2026-01-26,1.1836,A,F,,,P1D,,A,,,,,,,99Q1=100,,,4,,4F0,,US dollar/Euro,"ECB reference exchange rate, US dollar/Euro, 2.15 pm (C.E.T.)",USD,0
528,EXR.D.USD.EUR.SP00.A,D,USD,EUR,SP00,A,2026-01-27,1.1929,A,F,,,P1D,,A,,,,,,,99Q1=100,,,4,,4F0,,US dollar/Euro,"ECB reference exchange rate, US dollar/Euro, 2.15 pm (C.E.T.)",USD,0
